YEAR,MO,DY,QV2M,RH2M,PRECTOTCORR
2017,1,1,7.32,70.56,0
2017,1,2,6.77,64.81,0.02
2017,1,3,6.53,61.88,0.68
2017,1,4,6.29,62.69,0.01
2017,1,5,5.98,62.62,0.49
2017,1,6,5.74,60.44,0.02
2017,1,7,5.62,58.06,0
2017,1,8,5.37,57.06,0
2017,1,9,5.43,57.88,0
2017,1,10,6.23,70.12,0.28
2017,1,11,5.8,67.31,0.06
2017,1,12,4.15,51.44,0
2017,1,13,3.3,40.88,0
2017,1,14,3.48,41.31,0
2017,1,15,3.91,40.81,0
2017,1,16,4.27,43.88,0
2017,1,17,4.46,46.88,0
2017,1,18,4.76,46.44,0
2017,1,19,5,46.31,0
2017,1,20,4.88,45.88,0
2017,1,21,5.31,47.81,0
2017,1,22,5.19,43.94,0
2017,1,23,4.76,42.56,0
2017,1,24,5.13,43.44,0
2017,1,25,5.86,45.5,0
2017,1,26,6.29,47.31,0
2017,1,27,6.77,55.44,0.37
2017,1,28,7.2,69.75,1.26
2017,1,29,5.74,53.88,0.23
2017,1,30,6.47,60.44,0
2017,1,31,6.35,61.12,0
2017,2,1,5.98,59.44,0
2017,2,2,5.98,58.06,0
2017,2,3,5.43,48.38,0
2017,2,4,6.1,47.94,0
2017,2,5,6.84,49.31,0
2017,2,6,6.29,49.94,0
2017,2,7,6.23,53.69,0
2017,2,8,5.98,51.25,0
2017,2,9,5.13,42.19,0
2017,2,10,4.58,39.88,0
2017,2,11,4.15,36.12,0
2017,2,12,4.09,36,0
2017,2,13,5.25,45.25,0
2017,2,14,6.16,52.12,0
2017,2,15,4.52,36.81,0
2017,2,16,5.19,40.88,0
2017,2,17,5.92,45.94,0
2017,2,18,5.98,44.38,0
2017,2,19,6.71,50.06,0.04
2017,2,20,7.57,59.69,0.25
2017,2,21,6.84,51.44,0.24
2017,2,22,6.65,50,0.45
2017,2,23,4.46,38.19,0.19
2017,2,24,3.66,32.94,0.01
2017,2,25,3.78,35.38,0.02
2017,2,26,3.97,36.75,0.91
2017,2,27,4.52,40.38,1.48
2017,2,28,5,42.19,0.41
2017,3,1,5.19,41.5,0.52
2017,3,2,5.8,43.69,2.06
2017,3,3,5.68,40.94,0.17
2017,3,4,4.21,31.94,0.12
2017,3,5,4.82,35.12,0.45
2017,3,6,3.6,29.81,0.12
2017,3,7,3.23,25.81,0
2017,3,8,3.36,27.75,0.05
2017,3,9,4.52,36.69,0.25
2017,3,10,7.02,54.81,3.72
2017,3,11,9.09,83.12,23.81
2017,3,12,5.62,56.62,0.21
2017,3,13,4.52,42.31,0.02
2017,3,14,4.52,39.38,0.84
2017,3,15,4.46,37.94,0.03
2017,3,16,4.7,38.12,0.67
2017,3,17,5.8,49.19,7.14
2017,3,18,6.1,53.19,3.3
2017,3,19,5.68,51.56,1.21
2017,3,20,7.26,67.06,6.74
2017,3,21,6.71,55.94,0.05
2017,3,22,7.51,53,0.79
2017,3,23,9.34,61.38,0.03
2017,3,24,10.68,70.56,9.19
2017,3,25,9.34,60.31,3.48
2017,3,26,9.89,66,2.66
2017,3,27,10.99,70.06,2.3
2017,3,28,11.47,69.5,3.09
2017,3,29,12.7,80,4.82
2017,3,30,11.41,66.69,2.4
2017,3,31,11.29,64.75,7.68
2017,4,1,11.47,69.56,11.6
2017,4,2,9.09,53.75,1.62
2017,4,3,7.75,45.81,9.18
2017,4,4,9.64,62.75,2.99
2017,4,5,10.56,70.75,6.52
2017,4,6,11.47,70,0.77
2017,4,7,11.05,60.94,0.6
2017,4,8,8.73,44.44,0.93
2017,4,9,5.68,30.25,0.85
2017,4,10,4.33,26.19,1.55
2017,4,11,3.97,24.31,0
2017,4,12,5.68,35.12,0
2017,4,13,8.73,50.44,0
2017,4,14,10.31,58.69,2.28
2017,4,15,10.68,67.12,6
2017,4,16,9.34,55.12,0.12
2017,4,17,8.3,48.06,1.05
2017,4,18,10.5,57.31,1.55
2017,4,19,13.55,77.81,6.72
2017,4,20,14.59,87.44,5.34
2017,4,21,14.59,85.69,8.7
2017,4,22,15.5,90.81,15.62
2017,4,23,14.16,86.5,12.18
2017,4,24,13.37,80.12,18.1
2017,4,25,10.25,56.75,0.52
2017,4,26,7.81,39.5,0.13
2017,4,27,7.57,39.38,0.3
2017,4,28,9.52,52.19,5.17
2017,4,29,12.27,71.25,11.16
2017,4,30,12.45,70.75,6.35
2017,5,1,12.76,77.19,11.39
2017,5,2,10.5,64.25,1.12
2017,5,3,10.86,63.44,2.06
2017,5,4,12.63,72.75,7.16
2017,5,5,10.86,60.19,4.2
2017,5,6,11.23,64,14.02
2017,5,7,13.73,73.81,0.6
2017,5,8,14.59,80.06,2.75
2017,5,9,14.83,79.69,7.24
2017,5,10,12.88,76.25,11.64
2017,5,11,14.65,83.81,4.23
2017,5,12,14.59,84.12,29.03
2017,5,13,14.89,79.69,12.27
2017,5,14,15.81,86.62,14.3
2017,5,15,13.79,78.31,4.23
2017,5,16,13.31,80.5,8.64
2017,5,17,13.98,75.31,3.59
2017,5,18,15.2,78,2.92
2017,5,19,14.95,77.44,14.45
2017,5,20,15.2,79.75,23.48
2017,5,21,14.77,76.75,8.08
2017,5,22,15.38,80.44,1.92
2017,5,23,15.99,79.88,10.44
2017,5,24,16.72,82.19,7.33
2017,5,25,16.6,82.62,5.27
2017,5,26,16.72,84.44,10.45
2017,5,27,13.92,76.12,9.86
2017,5,28,14.16,75.06,2.32
2017,5,29,14.71,73.19,0.93
2017,5,30,15.32,79.69,14.13
2017,5,31,15.2,75.88,0.51
2017,6,1,16.36,80.25,11.08
2017,6,2,16.78,83.62,18.45
2017,6,3,14.77,73.06,5.78
2017,6,4,15.81,72.31,2.01
2017,6,5,17.52,86.38,9.52
2017,6,6,15.62,71.62,2.05
2017,6,7,16.36,75.75,0.14
2017,6,8,17.15,80.38,0.82
2017,6,9,17.15,80.94,4.07
2017,6,10,17.52,83.12,3.23
2017,6,11,17.7,83.69,5.76
2017,6,12,17.33,83.38,15.19
2017,6,13,15.99,75.06,1.89
2017,6,14,16.91,80.19,3.62
2017,6,15,17.64,86.38,1.1
2017,6,16,17.15,88.44,3.39
2017,6,17,16.48,81.94,2.08
2017,6,18,16.36,78.62,2.42
2017,6,19,18.19,89.06,36.69
2017,6,20,18.43,93.75,25.14
2017,6,21,17.52,91.62,14.08
2017,6,22,18.25,93.62,22.04
2017,6,23,18.01,90.38,9.24
2017,6,24,17.21,84.69,9.96
2017,6,25,18.01,90.12,11.85
2017,6,26,18.01,88.19,11.21
2017,6,27,17.52,85.5,8.83
2017,6,28,18.31,90.44,9.33
2017,6,29,18.31,90.44,7.48
2017,6,30,18.49,94,28.58
2017,7,1,18.13,93.06,31.38
2017,7,2,17.76,88.69,10.09
2017,7,3,18.62,91.94,8.7
2017,7,4,18.92,92.12,9.53
2017,7,5,18.49,94.94,19.57
2017,7,6,18.13,91.56,24.98
2017,7,7,18.25,89.88,5.56
2017,7,8,18.98,94.94,28.03
2017,7,9,18.86,96.06,53.95
2017,7,10,16.97,92.69,50.14
2017,7,11,15.75,88.31,11.01
2017,7,12,15.99,84.94,8.6
2017,7,13,17.46,85.75,7.37
2017,7,14,18.07,90.62,5.86
2017,7,15,18.68,90.19,2.7
2017,7,16,17.94,83.5,7.73
2017,7,17,18.07,83.69,7.05
2017,7,18,18.55,80.88,3.23
2017,7,19,18.86,93.69,18.43
2017,7,20,17.7,91.62,7.19
2017,7,21,17.94,89.81,13.62
2017,7,22,17.82,87.69,12.47
2017,7,23,17.58,89.06,10.55
2017,7,24,17.52,89.38,13.74
2017,7,25,17.33,88.56,11.65
2017,7,26,17.7,91.81,13.96
2017,7,27,17.88,90.44,3.09
2017,7,28,18.25,92.69,6.68
2017,7,29,18.25,94.62,12.78
2017,7,30,18.07,91.19,7.84
2017,7,31,18.62,91.62,4.48
2017,8,1,19.1,92.44,18.85
2017,8,2,19.47,94.31,18.71
2017,8,3,19.53,94.44,16.92
2017,8,4,19.29,90.44,22.88
2017,8,5,19.53,91.38,6.87
2017,8,6,19.53,91.19,9.31
2017,8,7,18.92,93.94,15.18
2017,8,8,19.04,92.69,15.14
2017,8,9,19.29,94.75,23.8
2017,8,10,18.74,97,59.31
2017,8,11,18.74,96.12,64.38
2017,8,12,18.07,94.44,80.01
2017,8,13,16.91,93,37.46
2017,8,14,17.94,93.81,9.85
2017,8,15,18.19,95.12,6.67
2017,8,16,18.98,94.38,3.6
2017,8,17,18.8,92.94,1.95
2017,8,18,18.01,93,16.12
2017,8,19,17.58,90.62,6.22
2017,8,20,17.94,91.12,2.81
2017,8,21,17.58,90.88,6.72
2017,8,22,17.76,90.12,12.66
2017,8,23,17.94,85,3.14
2017,8,24,17.88,86.25,6.3
2017,8,25,17.15,86.81,6.5
2017,8,26,18.37,89,20.68
2017,8,27,17.88,92.75,27.03
2017,8,28,17.64,86.38,6.37
2017,8,29,17.27,90.25,1.02
2017,8,30,17.94,92.44,17.43
2017,8,31,17.94,93.19,28.84
2017,9,1,17.64,91.5,8.39
2017,9,2,17.88,94.69,8.53
2017,9,3,17.09,91.06,3.47
2017,9,4,18.13,92.94,4.45
2017,9,5,18.19,91.94,3.93
2017,9,6,17.7,90.56,3.11
2017,9,7,18.31,94.06,9.66
2017,9,8,18.55,95.38,10.59
2017,9,9,18.92,95.5,18.96
2017,9,10,17.46,93.88,14.41
2017,9,11,16.54,90.69,2.61
2017,9,12,15.81,90.44,4.52
2017,9,13,16.85,92.44,4.88
2017,9,14,16.85,87.94,4.55
2017,9,15,17.03,90.38,0.26
2017,9,16,17.58,83.19,0.43
2017,9,17,18.37,87.25,11.4
2017,9,18,17.15,88.06,4.58
2017,9,19,17.64,88.62,8.46
2017,9,20,17.09,93.44,36.32
2017,9,21,16.48,89.75,16.97
2017,9,22,16.78,88.5,10.38
2017,9,23,17.76,93.81,16
2017,9,24,17.82,94.25,13.95
2017,9,25,17.76,93.75,7.88
2017,9,26,17.76,91.69,1.15
2017,9,27,17.46,91.19,0.37
2017,9,28,17.4,93.06,4.25
2017,9,29,16.6,91.75,10.49
2017,9,30,16.91,93.62,13.74
2017,10,1,16.72,97.38,13.35
2017,10,2,15.93,92.88,12.59
2017,10,3,14.71,87.62,4.05
2017,10,4,15.44,83.12,0.68
2017,10,5,16.3,84.44,0.1
2017,10,6,17.03,86.56,0.03
2017,10,7,17.21,89.25,0.86
2017,10,8,16.24,88.19,1.57
2017,10,9,16.3,88.31,10.55
2017,10,10,14.65,82.94,3.86
2017,10,11,15.08,79.06,1.14
2017,10,12,15.62,81.69,2.96
2017,10,13,17.27,92.75,17.14
2017,10,14,15.56,87.38,4.7
2017,10,15,13.85,81.12,0.01
2017,10,16,14.1,82.81,0
2017,10,17,14.53,82.81,0
2017,10,18,11.54,67.19,0
2017,10,19,12.02,68.75,0.02
2017,10,20,13.49,80.69,6.4
2017,10,21,14.04,89.56,6.89
2017,10,22,14.04,88.31,2.4
2017,10,23,13.24,86,0.21
2017,10,24,12.51,88.69,0.17
2017,10,25,10.56,76.94,0.22
2017,10,26,11.54,83.62,0.12
2017,10,27,11.78,85.88,0
2017,10,28,11.23,81.5,0
2017,10,29,10.74,75.19,0.31
2017,10,30,11.17,83.5,10.41
2017,10,31,10.93,88.12,0.29
2017,11,1,10.8,83.56,0.04
2017,11,2,11.41,81.38,0
2017,11,3,10.74,75.31,0.02
2017,11,4,9.7,66.56,0.02
2017,11,5,11.47,79.62,0.01
2017,11,6,11.47,77.5,0
2017,11,7,11.78,78.81,0
2017,11,8,10.74,74.81,0
2017,11,9,9.52,68.88,0
2017,11,10,9.46,69,0
2017,11,11,10.07,70.5,0
2017,11,12,11.23,80.12,0
2017,11,13,11.9,86.19,0
2017,11,14,12.51,86.81,0
2017,11,15,10.93,78.69,0
2017,11,16,11.35,82.06,0.02
2017,11,17,11.78,82.62,0
2017,11,18,11.6,79.94,0
2017,11,19,10.62,75.88,0
2017,11,20,9.34,71.56,0
2017,11,21,9.4,75.94,0
2017,11,22,7.93,66.25,0
2017,11,23,7.45,64.56,0
2017,11,24,7.57,65.56,0
2017,11,25,7.69,66.38,0
2017,11,26,8.54,70.62,0
2017,11,27,8.48,76.69,0.74
2017,11,28,8.18,80.12,1.37
2017,11,29,8.12,79,0.47
2017,11,30,7.93,73.88,0.09
2017,12,1,8.12,70.5,0
2017,12,2,8.73,76.38,0
2017,12,3,8.18,72.88,0
2017,12,4,8.36,74.88,0
2017,12,5,9.16,76.81,0
2017,12,6,9.03,76.75,0
2017,12,7,9.16,74.31,0
2017,12,8,9.03,72.88,0
2017,12,9,9.34,69.44,0
2017,12,10,9.03,68.31,0
2017,12,11,9.46,70.31,0
2017,12,12,8.85,73.25,0
2017,12,13,7.81,67.12,0
2017,12,14,7.14,63.44,0
2017,12,15,6.71,62.62,0
2017,12,16,6.9,62.44,0
2017,12,17,6.65,62.19,0
2017,12,18,6.96,65.19,0
2017,12,19,7.81,68.75,0
2017,12,20,9.03,74.19,0
2017,12,21,9.58,82.25,0
2017,12,22,9.16,82.19,0
2017,12,23,7.75,73.06,0
2017,12,24,6.9,62.06,0
2017,12,25,6.1,53.5,0
2017,12,26,5.8,51.25,0
2017,12,27,5,45.69,0
2017,12,28,5.8,50.44,0
2017,12,29,6.47,56.38,0
2017,12,30,6.71,57.94,0
2017,12,31,6.41,56.88,0
2018,1,1,6.1,56.62,0
2018,1,2,6.23,60.62,0
2018,1,3,5.37,57.88,0
2018,1,4,5.07,54.69,0
2018,1,5,4.64,52.62,0
2018,1,6,3.97,48.31,0
2018,1,7,3.78,52.44,0
2018,1,8,4.15,59.94,0
2018,1,9,4.46,54.62,0
2018,1,10,4.58,53.44,0
2018,1,11,4.82,53.06,0
2018,1,12,5.92,62.5,0
2018,1,13,6.47,71.06,0
2018,1,14,5.98,67.75,0
2018,1,15,5.55,58.62,0
2018,1,16,4.46,46.19,0
2018,1,17,5.49,53.94,0
2018,1,18,5,50.12,0
2018,1,19,4.58,46.88,0
2018,1,20,4.64,48.62,0
2018,1,21,4.58,44.31,0
2018,1,22,5.49,50.06,0
2018,1,23,6.16,55.88,0
2018,1,24,5.8,60.75,0.17
2018,1,25,5.31,58.31,0.02
2018,1,26,4.94,56.62,0.08
2018,1,27,5.19,65.12,0.17
2018,1,28,4.52,61.25,0.01
2018,1,29,4.09,49.88,0
2018,1,30,4.21,50,0.09
2018,1,31,4.82,52.38,0.04
2018,2,1,5.8,59.31,0
2018,2,2,6.23,66.06,0
2018,2,3,6.35,65.5,0
2018,2,4,5.43,57.06,0.01
2018,2,5,5.37,52.81,0.02
2018,2,6,5,48.12,0.01
2018,2,7,5.13,45.75,0
2018,2,8,4.76,42.94,0
2018,2,9,3.54,33,0
2018,2,10,3.42,32.38,0
2018,2,11,3.42,32.75,0
2018,2,12,3.78,32.19,0
2018,2,13,4.94,40.69,0
2018,2,14,6.41,58.12,3
2018,2,15,4.94,44.88,0.26
2018,2,16,4.58,39.25,0.08
2018,2,17,4.76,43.31,0
2018,2,18,5.86,53.62,0.34
2018,2,19,5.31,50.69,0.05
2018,2,20,5.25,44.62,0.2
2018,2,21,4.76,41.62,0.3
2018,2,22,4.46,39.44,2.89
2018,2,23,5.37,46.94,0.3
2018,2,24,6.35,54.5,0.09
2018,2,25,6.9,53.06,2.29
2018,2,26,7.57,62.25,0.88
2018,2,27,7.69,61.5,0.17
2018,2,28,7.39,54.88,0
2018,3,1,7.32,55.44,1.98
2018,3,2,7.26,57.31,9.54
2018,3,3,5.98,45.88,0.12
2018,3,4,5.74,40.94,0.12
2018,3,5,5.8,41.81,1.8
2018,3,6,5.55,43.25,0.72
2018,3,7,4.64,35.62,0.02
2018,3,8,5.43,38.88,0.16
2018,3,9,5.31,39.88,3.39
2018,3,10,4.82,36.88,2.75
2018,3,11,5.37,41.38,2.65
2018,3,12,6.04,47.81,3.52
2018,3,13,6.23,49.5,0.65
2018,3,14,7.2,50.38,0
2018,3,15,8.18,57.75,0.94
2018,3,16,6.9,49.12,0.19
2018,3,17,4.82,35.31,0.79
2018,3,18,4.03,29.56,0.03
2018,3,19,3.72,25.12,0
2018,3,20,4.33,29.31,0
2018,3,21,5.8,38.69,0
2018,3,22,7.14,46.56,7.96
2018,3,23,7.32,48.81,1.76
2018,3,24,6.16,40.5,0.03
2018,3,25,7.32,45.38,0.99
2018,3,26,6.04,39.25,3.11
2018,3,27,6.35,41.06,0.34
2018,3,28,7.57,47.75,0.99
2018,3,29,8.91,59.19,4.95
2018,3,30,9.03,63.5,1.99
2018,3,31,8.54,63.06,4.57
2018,4,1,8.48,55.5,0.57
2018,4,2,8.67,53.94,0.03
2018,4,3,8.24,48.81,0
2018,4,4,8.42,50.62,0.28
2018,4,5,10.13,63.19,7.02
2018,4,6,10.86,72.06,4.26
2018,4,7,10.74,67.69,1.31
2018,4,8,11.35,73.62,4.42
2018,4,9,11.96,79.5,4.58
2018,4,10,11.35,71.75,8.38
2018,4,11,11.84,77.06,9.73
2018,4,12,11.29,73.56,18.2
2018,4,13,9.4,59.88,2.5
2018,4,14,8.54,51.44,4.16
2018,4,15,9.28,55.88,0.98
2018,4,16,11.29,69.12,0.89
2018,4,17,11.35,73.06,2.87
2018,4,18,12.63,80.5,4.27
2018,4,19,12.08,75.75,3.55
2018,4,20,12.21,74.19,10.28
2018,4,21,11.72,67.56,5.59
2018,4,22,9.7,53.44,7.84
2018,4,23,8.06,48.38,7.51
2018,4,24,9.52,56.19,2.16
2018,4,25,11.29,70.12,4.98
2018,4,26,10.5,71.94,1.78
2018,4,27,11.17,70.5,0.29
2018,4,28,11.11,70.38,1.77
2018,4,29,11.54,77,12.32
2018,4,30,13.37,91,15.72
2018,5,1,12.51,81.56,7.33
2018,5,2,12.02,83,7.27
2018,5,3,12.76,79.62,5
2018,5,4,12.27,81.62,13.74
2018,5,5,12.7,80.94,11.35
2018,5,6,13.55,81.12,5.82
2018,5,7,13.49,77.81,6.65
2018,5,8,12.08,67.62,4.03
2018,5,9,12.21,65.38,3.97
2018,5,10,11.72,70.44,12.76
2018,5,11,12.51,79.25,3.25
2018,5,12,13.55,80.75,0.41
2018,5,13,13.98,81.44,4.81
2018,5,14,14.4,87.06,18.47
2018,5,15,12.45,76.31,2.9
2018,5,16,13,81.06,0.99
2018,5,17,13.55,80.56,1.08
2018,5,18,13.92,80.12,3.94
2018,5,19,14.4,80.19,2.38
2018,5,20,14.59,78.25,1.45
2018,5,21,15.38,80.25,1.21
2018,5,22,16.17,85.5,4.3
2018,5,23,16.97,91.38,15.79
2018,5,24,16.48,94.69,45.99
2018,5,25,17.15,91.38,15.81
2018,5,26,16.91,87.31,15.28
2018,5,27,16.6,86.5,11.34
2018,5,28,17.46,93.31,31.29
2018,5,29,16.78,91.56,1.61
2018,5,30,14.95,83,1.02
2018,5,31,16.11,86.12,3.47
2018,6,1,15.5,83.75,3.43
2018,6,2,16.17,86.06,4.91
2018,6,3,16.24,84.5,2.57
2018,6,4,17.27,86.12,1.88
2018,6,5,17.21,81.5,0.72
2018,6,6,17.46,82.19,1.12
2018,6,7,17.88,87.31,7.73
2018,6,8,16.48,81.06,15.01
2018,6,9,17.09,78.12,4.12
2018,6,10,18.19,80.5,2.16
2018,6,11,18.01,82.75,16.68
2018,6,12,18.25,86,9.44
2018,6,13,17.7,85.62,21.26
2018,6,14,17.27,84.12,13.16
2018,6,15,17.4,87.38,28.44
2018,6,16,16.6,87.19,27.86
2018,6,17,17.52,90.75,20.97
2018,6,18,17.46,88.19,4.75
2018,6,19,16.97,86.69,7.31
2018,6,20,17.82,89.12,12.15
2018,6,21,18.68,92.75,22.36
2018,6,22,18.62,91,21.49
2018,6,23,18.55,92.38,21.32
2018,6,24,18.8,96.5,21.65
2018,6,25,18.8,94.12,9.75
2018,6,26,18.37,92.06,9.44
2018,6,27,18.13,89.75,6.12
2018,6,28,17.76,91.06,6.51
2018,6,29,16.97,91.38,12.47
2018,6,30,17.88,90.06,18.32
2018,7,1,18.98,94.69,51.27
2018,7,2,19.17,96.38,24.96
2018,7,3,18.37,95.19,25
2018,7,4,18.55,94.19,51.06
2018,7,5,18.74,91.81,12.22
2018,7,6,19.1,93.19,6.66
2018,7,7,19.41,92.81,9.1
2018,7,8,18.49,88.94,13.52
2018,7,9,18.92,91.69,8.7
2018,7,10,18.25,90.81,4.75
2018,7,11,18.01,86.94,7.05
2018,7,12,18.62,89.06,18.27
2018,7,13,18.13,89.5,14.11
2018,7,14,18.13,84.44,4.75
2018,7,15,18.13,89.81,4.16
2018,7,16,18.31,82.88,3.21
2018,7,17,18.74,90.38,3.69
2018,7,18,18.86,89.25,3.61
2018,7,19,18.68,82.06,0.64
2018,7,20,19.1,85,6.08
2018,7,21,18.49,91.62,8.27
2018,7,22,18.25,86.31,3.95
2018,7,23,18.13,93.06,6.19
2018,7,24,18.13,93.94,20.31
2018,7,25,18.25,90.25,15.74
2018,7,26,18.07,92.5,7.8
2018,7,27,17.64,86.19,5.37
2018,7,28,18.68,92.62,22.23
2018,7,29,18.01,93.75,19.23
2018,7,30,17.64,88.88,24.87
2018,7,31,17.94,92.94,29.94
2018,8,1,17.33,89.62,24.11
2018,8,2,17.21,87.44,19.79
2018,8,3,18.37,91.81,5.1
2018,8,4,18.62,92.06,4.59
2018,8,5,18.8,94.25,14.55
2018,8,6,18.19,87,25.31
2018,8,7,17.7,84.88,17.43
2018,8,8,17.88,89.38,4.34
2018,8,9,17.7,88.19,4.2
2018,8,10,18.07,89.12,16.72
2018,8,11,18.43,90.81,35.17
2018,8,12,18.62,94.31,36.61
2018,8,13,18.07,91.81,16.09
2018,8,14,18.13,88.44,10.77
2018,8,15,17.76,84.25,6.38
2018,8,16,18.07,87.75,5.49
2018,8,17,18.07,85.81,8.31
2018,8,18,18.74,85.88,5.38
2018,8,19,18.19,81.44,6.76
2018,8,20,18.68,89.06,11.67
2018,8,21,18.43,91.31,31.34
2018,8,22,17.82,90.12,51.99
2018,8,23,18.8,91.19,16.27
2018,8,24,18.74,94.75,26.97
2018,8,25,18.19,91.56,13.21
2018,8,26,18.13,91.12,18.52
2018,8,27,18.07,90.69,9.42
2018,8,28,17.4,87.38,4.11
2018,8,29,18.31,90.94,8.82
2018,8,30,18.01,90.69,18.57
2018,8,31,18.55,89.06,8.59
2018,9,1,18.92,90.12,15.55
2018,9,2,18.01,92.56,18.28
2018,9,3,18.19,92.44,5.43
2018,9,4,18.13,90.25,8.85
2018,9,5,18.25,87,5.38
2018,9,6,18.43,91,27.9
2018,9,7,17.76,90.44,7.59
2018,9,8,17.82,90.88,7.28
2018,9,9,18.31,92.88,21.43
2018,9,10,18.07,98,52.8
2018,9,11,16.97,96.5,28.88
2018,9,12,17.4,95.56,31.2
2018,9,13,17.64,93.69,19.04
2018,9,14,17.27,92.44,28.26
2018,9,15,17.15,90.44,15.25
2018,9,16,16.3,86.5,0.86
2018,9,17,15.81,81.38,0
2018,9,18,16.3,80.88,0
2018,9,19,16.97,83.44,0.12
2018,9,20,16.05,84.62,9.65
2018,9,21,15.62,87.44,13.92
2018,9,22,15.69,85.81,0.28
2018,9,23,16.48,89.69,0.55
2018,9,24,16.97,92.88,5.98
2018,9,25,17.21,93.38,5.67
2018,9,26,17.09,93.94,1.22
2018,9,27,16.36,90.81,1.14
2018,9,28,16.48,90.12,0.63
2018,9,29,16.6,90.19,0.56
2018,9,30,16.36,89.62,0.74
2018,10,1,15.93,90.62,12.49
2018,10,2,14.65,84.88,1.06
2018,10,3,14.71,87.25,1.5
2018,10,4,14.89,90.56,1.03
2018,10,5,13.49,82,0.65
2018,10,6,13,80.56,0.63
2018,10,7,12.76,80.31,0.25
2018,10,8,12.39,80.25,0.04
2018,10,9,13.37,88.75,1.22
2018,10,10,12.45,84.38,0.32
2018,10,11,11.72,78.38,0.94
2018,10,12,12.63,87.25,1.97
2018,10,13,12.21,84.75,0.03
2018,10,14,12.94,86.19,0
2018,10,15,11.47,81.38,0
2018,10,16,11.35,82.25,0.05
2018,10,17,11.66,84.31,0.01
2018,10,18,11.84,84.94,0.46
2018,10,19,11.96,84.75,0.22
2018,10,20,11.9,83.56,0.08
2018,10,21,11.72,80.19,0.01
2018,10,22,11.41,77.06,0
2018,10,23,10.74,75.5,0
2018,10,24,9.28,68.44,0
2018,10,25,8.73,65.31,0
2018,10,26,9.58,68.44,0
2018,10,27,10.13,69,0
2018,10,28,10.5,73.69,0.65
2018,10,29,11.05,77.25,0.16
2018,10,30,10.74,73.06,0.05
2018,10,31,10.31,69.25,0
2018,11,1,10.86,71.31,0
2018,11,2,10.68,75.69,0.23
2018,11,3,11.29,83.38,0.09
2018,11,4,9.58,75.12,2.03
2018,11,5,9.83,74.88,0.07
2018,11,6,8.73,71.69,0.02
2018,11,7,6.96,59.31,0
2018,11,8,7.63,59.69,0
2018,11,9,8.42,67.38,0
2018,11,10,8.73,70.56,0.01
2018,11,11,9.22,73.5,0
2018,11,12,9.46,75.19,0
2018,11,13,9.28,77.19,0.01
2018,11,14,9.34,77.25,0.53
2018,11,15,9.58,81.56,0.6
2018,11,16,8.61,72.12,0.03
2018,11,17,7.02,64.75,0
2018,11,18,7.08,68,0.09
2018,11,19,7.69,69.94,0.01
2018,11,20,8,73.44,0
2018,11,21,8.06,71.44,0
2018,11,22,8.36,67.5,0
2018,11,23,8.67,69.5,0
2018,11,24,8.18,65.88,0
2018,11,25,7.39,57.38,0
2018,11,26,8,64.19,0
2018,11,27,8.12,64.75,0
2018,11,28,8.24,63,0
2018,11,29,8.79,69.69,0
2018,11,30,8.73,74.94,0
2018,12,1,8.79,76.81,0.02
2018,12,2,8.61,75.5,0.01
2018,12,3,7.93,73.25,0
2018,12,4,7.81,71.69,0
2018,12,5,7.63,69.81,0
2018,12,6,7.32,68.75,0
2018,12,7,6.47,63.81,0
2018,12,8,5.86,57,0
2018,12,9,6.23,59.31,0
2018,12,10,6.71,63.06,0
2018,12,11,6.16,60,0
2018,12,12,4.94,47.31,0
2018,12,13,5.68,53.75,0
2018,12,14,5.8,56.81,0
2018,12,15,5.49,52.06,0
2018,12,16,5.68,50.69,0
2018,12,17,5.98,49.12,0.3
2018,12,18,7.87,81.81,8.57
2018,12,19,5.8,62.75,0
2018,12,20,5.43,54.19,0
2018,12,21,5.98,64.5,0
2018,12,22,6.41,65.19,0
2018,12,23,6.9,65.38,0
2018,12,24,6.71,68.44,0
2018,12,25,5.8,63.88,0
2018,12,26,4.94,58.19,0
2018,12,27,4.15,49.62,0
2018,12,28,4.21,51.69,2.25
2018,12,29,3.48,43.12,0
2018,12,30,3.23,35.19,0
2018,12,31,3.36,34.56,0
2019,1,1,4.09,45.06,0
2019,1,2,4.33,46.44,0
2019,1,3,4.39,52.06,0.09
2019,1,4,4.58,56.25,0
2019,1,5,4.64,48.25,0
2019,1,6,4.39,43.75,0
2019,1,7,4.15,40.25,0
2019,1,8,4.88,49.88,0
2019,1,9,5.37,58.75,0.19
2019,1,10,5.43,64.69,0.08
2019,1,11,5.55,60.88,0.03
2019,1,12,5.55,58.31,0
2019,1,13,5.07,50.06,0
2019,1,14,4.76,51.12,0
2019,1,15,3.91,42.69,0
2019,1,16,3.72,36.81,0
2019,1,17,5.25,50.56,0
2019,1,18,5.98,59.62,0
2019,1,19,6.53,66,0
2019,1,20,5.98,61.62,0
2019,1,21,5.92,57.25,0
2019,1,22,5.86,56.25,0
2019,1,23,5.8,55.81,0.37
2019,1,24,5.86,56.12,0.05
2019,1,25,6.29,59,0.18
2019,1,26,6.29,59.94,0.3
2019,1,27,5.98,54.69,0.06
2019,1,28,6.04,59.94,0.12
2019,1,29,4.7,53.06,0.07
2019,1,30,3.72,41.25,0
2019,1,31,4.21,41.25,0
2019,2,1,4.94,44.06,0.04
2019,2,2,4.7,44.12,0.04
2019,2,3,4.46,43.31,0
2019,2,4,4.39,44.06,0
2019,2,5,4.58,43.31,0
2019,2,6,4.82,47.31,0
2019,2,7,5.55,51.62,0.45
2019,2,8,7.02,65.25,4.84
2019,2,9,6.71,73.69,7.11
2019,2,10,4.39,47.81,0.01
2019,2,11,4.33,42.75,0
2019,2,12,4.76,44.19,0
2019,2,13,5.13,43,0
2019,2,14,6.53,52.19,0
2019,2,15,6.59,55,0
2019,2,16,7.32,70.56,5.5
2019,2,17,6.96,71.12,0.73
2019,2,18,6.16,64,2.3
2019,2,19,6.04,62.81,1.49
2019,2,20,5.8,55.19,0.02
2019,2,21,5.74,52.31,0
2019,2,22,6.41,52.5,0
2019,2,23,6.29,49.88,0.16
2019,2,24,5.8,46.25,0.45
2019,2,25,6.16,59.25,2.35
2019,2,26,4.76,46.31,0.02
2019,2,27,5.62,54.19,2.4
2019,2,28,6.53,74.12,8.51
2019,3,1,4.33,50.25,0.02
2019,3,2,4.27,41.38,0.01
2019,3,3,4.7,43.5,0.12
2019,3,4,6.53,59,1.44
2019,3,5,6.59,60.38,4.66
2019,3,6,5.68,53,2.85
2019,3,7,4.27,40.5,0
2019,3,8,4.58,43.25,0
2019,3,9,5.31,47.38,1.27
2019,3,10,5.74,47.88,1.92
2019,3,11,5.92,47,0.13
2019,3,12,5.07,37.31,0
2019,3,13,4.94,33.81,0
2019,3,14,5.43,34.25,0
2019,3,15,6.47,41.19,0.15
2019,3,16,5.86,38.38,0.02
2019,3,17,4.7,32.38,0.02
2019,3,18,5.8,49.12,2.98
2019,3,19,6.47,53.06,4.35
2019,3,20,5.92,47.06,6.57
2019,3,21,5.74,43.62,0.67
2019,3,22,5.86,39.25,0.48
2019,3,23,5.43,37.06,0.2
2019,3,24,5,34.88,0.13
2019,3,25,5.31,35.94,0.19
2019,3,26,6.77,50.75,8.75
2019,3,27,7.26,55.19,1.14
2019,3,28,7.2,45.5,0
2019,3,29,8.3,51.06,0
2019,3,30,9.46,61.31,5.15
2019,3,31,11.23,76.25,11.25
2019,4,1,9.46,63.44,1.07
2019,4,2,8.73,61.75,4.04
2019,4,3,8.85,60.81,0.24
2019,4,4,9.16,63.56,0.02
2019,4,5,9.52,65.88,4.61
2019,4,6,10.62,72.5,16.66
2019,4,7,10.44,72.12,6.85
2019,4,8,11.11,75.88,11.92
2019,4,9,10.25,72.44,6.94
2019,4,10,9.83,66.19,0.04
2019,4,11,10.38,63.06,0
2019,4,12,11.66,66.94,3.48
2019,4,13,12.27,69.75,4.8
2019,4,14,12.39,72.5,6.6
2019,4,15,10.86,61.81,5.68
2019,4,16,11.54,67.69,14.65
2019,4,17,10.74,62,2.6
2019,4,18,8.61,51.5,4.92
2019,4,19,7.63,47.94,0.76
2019,4,20,8.24,51.62,0.72
2019,4,21,9.03,56.62,9.87
2019,4,22,10.19,65.62,11.56
2019,4,23,10.86,69.88,1.15
2019,4,24,11.47,63.19,0.03
2019,4,25,11.9,60,0.86
2019,4,26,12.82,67.19,2.44
2019,4,27,13.06,69.75,5.04
2019,4,28,13.31,69.69,11.6
2019,4,29,13,71.06,3.73
2019,4,30,11.05,60,11.79
2019,5,1,12.82,68.19,6.71
2019,5,2,13.43,69.88,12.81
2019,5,3,14.83,84,11.07
2019,5,4,13.18,74,10.39
2019,5,5,11.35,65.38,0.47
2019,5,6,7.14,39.12,0.5
2019,5,7,8.79,48.62,3.93
2019,5,8,10.44,56.25,4.61
2019,5,9,10.13,53.75,8.62
2019,5,10,10.74,56.75,4.76
2019,5,11,11.23,58,1.92
2019,5,12,12.7,65.44,5.49
2019,5,13,10.68,56.25,2.1
2019,5,14,10.5,59.12,2.42
2019,5,15,11.47,65.44,3.33
2019,5,16,13.37,78.19,7.97
2019,5,17,12.39,70.75,7.59
2019,5,18,10.13,52.19,2.07
2019,5,19,10.44,55,4.14
2019,5,20,12.51,66.94,4.99
2019,5,21,14.28,76.06,8.67
2019,5,22,14.89,79.5,11.5
2019,5,23,15.01,81.38,15.6
2019,5,24,14.59,79.31,6.54
2019,5,25,14.47,77.44,4.65
2019,5,26,13.24,73.06,14.13
2019,5,27,14.65,78.38,16.65
2019,5,28,15.2,82.38,11.25
2019,5,29,14.53,75.12,4.49
2019,5,30,16.36,84.25,7.15
2019,5,31,15.99,87.38,4.65
2019,6,1,14.4,74.94,2
2019,6,2,15.99,85.19,9.51
2019,6,3,14.16,75.88,2.58
2019,6,4,15.14,81.5,3.3
2019,6,5,14.47,75,2.31
2019,6,6,16.66,83.44,1.72
2019,6,7,17.21,86.44,6.77
2019,6,8,17.4,86.38,20.15
2019,6,9,17.4,85.12,10.44
2019,6,10,17.03,86.06,20.88
2019,6,11,17.15,85.38,18.31
2019,6,12,17.21,82.75,0.91
2019,6,13,17.46,79,0.2
2019,6,14,18.25,81.88,21.85
2019,6,15,18.07,87.5,16.44
2019,6,16,18.19,87.38,8.46
2019,6,17,18.49,86.12,6.57
2019,6,18,18.43,88.75,46.31
2019,6,19,17.4,81.81,2.37
2019,6,20,18.37,86.06,3.39
2019,6,21,18.8,89.5,3.64
2019,6,22,18.19,89.06,3.33
2019,6,23,18.07,86.31,3.07
2019,6,24,18.62,85.5,13.98
2019,6,25,18.92,89.19,32.48
2019,6,26,19.65,93.81,29.19
2019,6,27,19.23,89.5,12.27
2019,6,28,19.41,91.12,10.27
2019,6,29,19.29,90.5,4.31
2019,6,30,18.37,85.38,1.23
2019,7,1,18.49,83.88,11.21
2019,7,2,18.68,89,1.86
2019,7,3,18.74,87.12,1.06
2019,7,4,18.49,86.75,2.7
2019,7,5,19.23,89.31,17.4
2019,7,6,19.53,91.44,31.94
2019,7,7,18.68,90.88,31.33
2019,7,8,18.8,91.19,45.93
2019,7,9,18.49,92.12,41.54
2019,7,10,18.98,95.12,33.45
2019,7,11,18.62,94.12,39.42
2019,7,12,18.92,96.5,68.09
2019,7,13,18.43,94.5,54.3
2019,7,14,18.98,97.5,70
2019,7,15,18.98,95.31,34.59
2019,7,16,18.68,94.25,14.19
2019,7,17,18.68,92.31,2.69
2019,7,18,19.17,91.31,4.41
2019,7,19,18.98,95,18.18
2019,7,20,18.62,91.31,21.76
2019,7,21,18.98,94.19,27
2019,7,22,19.23,97.5,29.25
2019,7,23,19.04,97.38,44
2019,7,24,18.86,96.75,29.82
2019,7,25,18.49,94.5,16.46
2019,7,26,18.25,94.31,24.36
2019,7,27,18.19,92.62,15.89
2019,7,28,18.37,88.44,5.18
2019,7,29,18.49,91.38,5.2
2019,7,30,18.07,92.06,3.77
2019,7,31,17.76,93.19,2.09
2019,8,1,17.33,90.31,11.84
2019,8,2,17.52,85.62,5.68
2019,8,3,18.43,88,4.66
2019,8,4,19.23,91.88,10.97
2019,8,5,18.92,88.88,4.03
2019,8,6,19.71,85.5,10.37
2019,8,7,19.41,89.5,44.64
2019,8,8,18.55,91.62,13.67
2019,8,9,18.8,91.44,3.35
2019,8,10,18.92,92.19,3.2
2019,8,11,18.43,85.62,1.48
2019,8,12,19.17,81.94,7.89
2019,8,13,18.68,93.75,44.42
2019,8,14,18.19,90.75,15.82
2019,8,15,17.82,91.44,11.86
2019,8,16,18.86,92.88,20.87
2019,8,17,18.98,92.25,5.22
2019,8,18,18.68,94.25,6.64
2019,8,19,18.43,91.06,2.02
2019,8,20,18.49,91.5,1.75
2019,8,21,19.04,93,4.29
2019,8,22,19.41,92.44,1.6
2019,8,23,19.04,93.88,14.83
2019,8,24,17.94,89.94,24.26
2019,8,25,17.46,88.06,7.43
2019,8,26,18.07,85.31,0.95
2019,8,27,18.62,87.06,0.22
2019,8,28,18.98,89.81,4.92
2019,8,29,18.62,89.25,11.43
2019,8,30,18.98,89.5,18.53
2019,8,31,18.31,90.81,11.89
2019,9,1,17.88,85.81,1.64
2019,9,2,18.01,83.88,13.17
2019,9,3,18.68,91.69,13.75
2019,9,4,17.58,86.06,10.47
2019,9,5,17.33,87.94,4.95
2019,9,6,17.58,89.25,7.14
2019,9,7,17.58,88.69,7.62
2019,9,8,17.94,87.88,14.52
2019,9,9,18.43,92.19,3.68
2019,9,10,18.92,95.31,6.22
2019,9,11,18.86,94.06,10.88
2019,9,12,18.43,94.69,22.81
2019,9,13,17.76,93,30.31
2019,9,14,18.19,94.56,17.92
2019,9,15,17.94,92.88,7.94
2019,9,16,18.31,95.81,17.95
2019,9,17,16.91,92.38,18.19
2019,9,18,15.2,82.81,4.01
2019,9,19,15.32,79.75,3.96
2019,9,20,16.11,88,3.93
2019,9,21,15.44,85.81,5.68
2019,9,22,16.3,92.69,26.36
2019,9,23,15.08,87.25,26.42
2019,9,24,15.44,91.75,33.62
2019,9,25,15.2,95.44,19.22
2019,9,26,15.56,92,3.16
2019,9,27,14.95,90.62,5.81
2019,9,28,13.98,87.75,15.87
2019,9,29,12.82,87.75,24.34
2019,9,30,13.49,91.56,20.09
2019,10,1,14.16,87.62,7.5
2019,10,2,14.53,86.38,2.63
2019,10,3,15.32,88.81,0.8
2019,10,4,15.93,92.56,3.67
2019,10,5,16.05,93.5,2.43
2019,10,6,15.75,92.19,0.55
2019,10,7,15.69,89.81,10.31
2019,10,8,14.77,91.25,9.82
2019,10,9,13.85,88.94,4.9
2019,10,10,14.16,90.25,3.51
2019,10,11,14.4,90.31,2.51
2019,10,12,14.04,90.94,0.57
2019,10,13,14.22,89.81,0.07
2019,10,14,13.98,88.62,0
2019,10,15,12.82,80.38,0
2019,10,16,12.27,76.75,0.06
2019,10,17,14.1,86.31,0.07
2019,10,18,13.61,85.38,0.01
2019,10,19,13.67,85.88,0
2019,10,20,13.43,86.38,0.02
2019,10,21,13.55,88.19,0
2019,10,22,13.18,87.62,0
2019,10,23,12.39,86.69,0.02
2019,10,24,12.08,89.56,0.59
2019,10,25,11.17,85.88,1.63
2019,10,26,11.29,82.06,0.89
2019,10,27,11.66,82.38,0.31
2019,10,28,12.33,86.06,0
2019,10,29,12.45,81.31,0
2019,10,30,12.63,84.69,0
2019,10,31,11.72,79.31,0
2019,11,1,11.78,82.62,0
2019,11,2,11.96,78.69,0
2019,11,3,11.41,74.88,0
2019,11,4,12.39,85.38,0.49
2019,11,5,12.27,90.94,2.43
2019,11,6,10.62,79.75,0.13
2019,11,7,11.11,76.38,0
2019,11,8,11.54,78.12,0
2019,11,9,12.21,81.5,0
2019,11,10,12.27,84.56,0.01
2019,11,11,12.45,88.19,0
2019,11,12,11.72,85.25,0
2019,11,13,10.8,76.25,0
2019,11,14,11.96,78,0.01
2019,11,15,11.78,77.19,0
2019,11,16,11.47,78.88,0
2019,11,17,11.29,81.88,0.11
2019,11,18,11.35,86.12,0.01
2019,11,19,10.62,85.5,0
2019,11,20,10.07,81.94,0
2019,11,21,10.19,81.81,0.01
2019,11,22,10.56,83.06,0
2019,11,23,10.8,84.12,0
2019,11,24,10.5,84.62,0
2019,11,25,10.13,81.25,0
2019,11,26,9.7,75.69,0
2019,11,27,9.58,74.44,0
2019,11,28,9.16,67.88,0
2019,11,29,8,63.56,0
2019,11,30,7.75,66.75,0
2019,12,1,7.87,72.06,0
2019,12,2,7.81,75.69,0
2019,12,3,7.39,72.88,0
2019,12,4,6.53,61.56,0
2019,12,5,5.49,47.88,0
2019,12,6,5.68,50.06,0
2019,12,7,6.35,58.38,0
2019,12,8,6.71,62.56,0
2019,12,9,7.75,73.88,0
2019,12,10,7.63,77.44,0
2019,12,11,7.45,77.69,0.24
2019,12,12,7.69,79.62,0.04
2019,12,13,7.57,72.81,2.02
2019,12,14,7.39,76.5,4.46
2019,12,15,6.65,65.94,0.12
2019,12,16,7.32,76,0
2019,12,17,6.23,68.44,0
2019,12,18,5.98,66.81,0
2019,12,19,6.35,69.69,0
2019,12,20,7.02,76.88,0
2019,12,21,6.65,77.56,0
2019,12,22,6.47,77.31,0
2019,12,23,6.23,71.44,0
2019,12,24,5.43,61.5,0
2019,12,25,4.82,59.25,0
2019,12,26,4.82,60.12,0
2019,12,27,4.52,56.81,0
2019,12,28,3.85,45.12,0
2019,12,29,3.97,42.56,0
2019,12,30,4.94,51.69,0
2019,12,31,5.13,54.69,0
2020,1,1,5.37,53.44,0.09
2020,1,2,6.77,68.88,0.13
2020,1,3,6.1,66.12,8.93
2020,1,4,6.71,79.12,4.82
2020,1,5,5.68,74.62,0.95
2020,1,6,4.76,60.5,0.04
2020,1,7,5.13,59.62,0.02
2020,1,8,5.86,65.94,0.12
2020,1,9,6.84,78.19,0.78
2020,1,10,6.84,76.69,0.17
2020,1,11,6.35,70.44,0.16
2020,1,12,5.92,58.62,0
2020,1,13,6.53,64.12,0
2020,1,14,6.47,65.81,0
2020,1,15,6.16,66.56,0
2020,1,16,6.35,65.69,0
2020,1,17,6.9,69.94,0.89
2020,1,18,7.32,75.56,1.75
2020,1,19,6.23,70.62,0.04
2020,1,20,5.43,65.19,0
2020,1,21,5.37,64.94,0
2020,1,22,5.25,64.88,0.06
2020,1,23,5.19,70.06,0.14
2020,1,24,4.76,61,0
2020,1,25,4.46,53.19,0
2020,1,26,5.13,63.44,0
2020,1,27,5.55,68.5,0
2020,1,28,5.86,72.38,0
2020,1,29,6.29,71.75,0
2020,1,30,6.65,76.5,1.85
2020,1,31,6.53,75.81,0.4
2020,2,1,5.43,65.06,0
2020,2,2,5.07,60.94,0.01
2020,2,3,4.88,59.56,0
2020,2,4,5.25,60.81,0
2020,2,5,4.82,59.19,0
2020,2,6,4.64,55.38,0
2020,2,7,4.76,54.81,0
2020,2,8,4.46,51.69,0
2020,2,9,4.27,47.31,0
2020,2,10,4.52,48.38,0
2020,2,11,4.58,49.5,0
2020,2,12,4.88,50.12,0
2020,2,13,5.31,51.88,0
2020,2,14,6.16,61,0.04
2020,2,15,7.45,71.06,0.04
2020,2,16,7.63,69,0
2020,2,17,7.51,67,0
2020,2,18,7.08,64.19,0
2020,2,19,6.04,57.38,0.03
2020,2,20,5.68,53.12,0
2020,2,21,5.74,49.12,0.18
2020,2,22,5.74,47.5,1.16
2020,2,23,5.55,46.19,4.12
2020,2,24,7.39,69.38,2.07
2020,2,25,7.81,75.25,18.81
2020,2,26,6.84,67.44,9.08
2020,2,27,7.14,67.25,0.05
2020,2,28,6.16,54.19,0
2020,2,29,6.9,56.12,0
2020,3,1,7.2,58.25,4.26
2020,3,2,7.63,63.81,2.38
2020,3,3,7.87,67.81,5.72
2020,3,4,7.93,69.19,5.62
2020,3,5,8.06,69.06,0.85
2020,3,6,8.06,70.5,2.39
2020,3,7,7.51,66,7.39
2020,3,8,7.69,68.12,0.22
2020,3,9,7.45,61.69,0.04
2020,3,10,7.57,62.5,0
2020,3,11,7.63,62.5,0.03
2020,3,12,9.03,64.75,0
2020,3,13,8.48,57.19,1.13
2020,3,14,8,63.88,79.46
2020,3,15,7.87,68.5,3.31
2020,3,16,7.32,59.69,0.01
2020,3,17,7.45,60.12,0
2020,3,18,8.18,66.81,0.51
2020,3,19,8.06,64.12,1.94
2020,3,20,8.48,69.06,4.93
2020,3,21,8.42,70.12,6.95
2020,3,22,8.79,76.69,5.1
2020,3,23,8.85,73.75,3.16
2020,3,24,9.52,72.69,0.24
2020,3,25,10.13,72.69,3.28
2020,3,26,10.38,70.31,1.03
2020,3,27,10.38,66.19,3.04
2020,3,28,9.77,59.94,0.28
2020,3,29,8.54,54.06,0
2020,3,30,7.45,48.75,0.04
2020,3,31,7.51,50.06,0.02
2020,4,1,8.3,55.06,8.77
2020,4,2,8.18,54.69,3.31
2020,4,3,6.9,46.44,0.12
2020,4,4,6.23,41.94,0.01
2020,4,5,6.65,44.44,0
2020,4,6,7.08,46.81,0.24
2020,4,7,7.39,46.12,0.56
2020,4,8,7.45,45.56,2.26
2020,4,9,9.09,57.56,12.12
2020,4,10,8.61,55.69,1.6
2020,4,11,8.79,54.69,1.33
2020,4,12,10.5,70.81,2.41
2020,4,13,10.56,62.56,0.06
2020,4,14,11.23,63.62,0.02
2020,4,15,11.6,68.06,5.35
2020,4,16,10.68,74.56,8.9
2020,4,17,11.41,74.31,4.65
2020,4,18,11.96,78.38,8.91
2020,4,19,10.38,65.69,5.52
2020,4,20,11.23,68.19,7.96
2020,4,21,11.29,79.5,9.63
2020,4,22,10.5,80.5,10.59
2020,4,23,10.19,76.31,3.87
2020,4,24,10.86,81.44,5.47
2020,4,25,11.47,86.81,3.48
2020,4,26,11.17,81.44,6.41
2020,4,27,11.29,72.38,3.07
2020,4,28,11.84,79.31,9.25
2020,4,29,12.02,81.69,3.69
2020,4,30,12.21,82.44,5.81
2020,5,1,12.88,80.06,5.21
2020,5,2,12.51,78.12,6.66
2020,5,3,12.82,77.38,0.63
2020,5,4,13.55,81.19,3.1
2020,5,5,13.18,76.88,4.56
2020,5,6,11.6,73,1.85
2020,5,7,11.41,71.19,6.91
2020,5,8,11.11,72.81,3.31
2020,5,9,11.78,69.69,0
2020,5,10,12.33,69.5,2.76
2020,5,11,12.51,70.44,3.72
2020,5,12,13.18,76.62,5.04
2020,5,13,13.12,78.5,14.73
2020,5,14,13.73,81.19,10.69
2020,5,15,14.89,86.62,9.78
2020,5,16,14.95,84.38,23.44
2020,5,17,14.04,76,1.72
2020,5,18,14.71,78.5,5.43
2020,5,19,15.5,84.88,4.24
2020,5,20,13.79,75.12,4.94
2020,5,21,14.04,78.75,31.98
2020,5,22,14.47,82.69,6.53
2020,5,23,15.69,84.06,18.32
2020,5,24,15.75,83.62,23.85
2020,5,25,14.71,73.88,14.1
2020,5,26,14.59,75.94,11.67
2020,5,27,14.71,87.38,12.32
2020,5,28,12.88,76.44,0.24
2020,5,29,13.55,80.38,4.24
2020,5,30,13.31,75.12,9.58
2020,5,31,14.89,85,11.91
2020,6,1,15.26,85.88,19.75
2020,6,2,13.79,79.94,6.44
2020,6,3,13.98,80.31,5.07
2020,6,4,14.83,84.19,3.97
2020,6,5,15.38,84.5,5.89
2020,6,6,16.66,85.88,23.47
2020,6,7,15.87,83.25,2.8
2020,6,8,15.93,83.38,17.28
2020,6,9,16.85,85.25,8.55
2020,6,10,16.97,82.88,3.58
2020,6,11,17.7,86.38,4.59
2020,6,12,17.03,89.12,14.53
2020,6,13,17.76,88.25,14.34
2020,6,14,16.72,89.44,37.88
2020,6,15,16.97,85.88,16.47
2020,6,16,18.37,95,29.05
2020,6,17,18.19,94.06,22.14
2020,6,18,17.94,94.62,56.9
2020,6,19,17.94,90.5,12.73
2020,6,20,18.31,91.25,11.63
2020,6,21,18.43,89.25,13.75
2020,6,22,18.07,89.94,22.9
2020,6,23,18.01,91.12,25.56
2020,6,24,18.74,92.81,31.75
2020,6,25,19.41,96.12,55.49
2020,6,26,18.74,93.81,47.93
2020,6,27,19.29,96.62,22.17
2020,6,28,18.07,94.75,22.99
2020,6,29,17.33,93.31,5.14
2020,6,30,17.88,90.31,9.96
2020,7,1,18.98,94.5,25.05
2020,7,2,19.65,97,41.72
2020,7,3,18.8,97.38,28.83
2020,7,4,17.94,92.69,12.31
2020,7,5,18.55,91.81,16.39
2020,7,6,18.8,93.38,27.01
2020,7,7,18.98,90.31,14.44
2020,7,8,19.41,95.44,18.58
2020,7,9,19.47,97,25.03
2020,7,10,19.84,96.62,104.7
2020,7,11,18.43,94.81,169.18
2020,7,12,18.74,95.25,36.21
2020,7,13,19.1,95.31,32.74
2020,7,14,18.37,92.69,11.24
2020,7,15,18.19,89.75,10.84
2020,7,16,18.19,92.81,16.48
2020,7,17,17.82,93.25,17.91
2020,7,18,16.3,86.44,14.54
2020,7,19,18.8,95,32.78
2020,7,20,18.49,96.25,34.03
2020,7,21,17.52,93.81,34.7
2020,7,22,18.31,95.38,12.76
2020,7,23,18.01,94.31,9.63
2020,7,24,18.19,93.5,23.2
2020,7,25,18.19,93.44,3.7
2020,7,26,18.25,91.38,25.8
2020,7,27,18.68,91.12,34.87
2020,7,28,18.74,95.25,23.63
2020,7,29,17.82,94.19,16.71
2020,7,30,17.82,93.62,26.36
2020,7,31,18.31,95.69,29.2
2020,8,1,18.01,88.94,18.64
2020,8,2,19.47,92,6.63
2020,8,3,19.17,87.69,4.59
2020,8,4,19.23,82.38,4.04
2020,8,5,20.2,92.25,30.59
2020,8,6,19.29,92.75,24.75
2020,8,7,19.65,90.75,3.02
2020,8,8,19.59,93.06,11.38
2020,8,9,18.62,94.94,33.41
2020,8,10,18.86,92.19,21.09
2020,8,11,18.74,94,27.86
2020,8,12,19.29,94.5,30.87
2020,8,13,19.23,92.62,20.2
2020,8,14,19.1,93.75,12.8
2020,8,15,18.49,90.94,10.94
2020,8,16,18.43,91.06,15.13
2020,8,17,18.55,92.75,6.99
2020,8,18,19.17,92.25,5.23
2020,8,19,18.43,93.94,18.97
2020,8,20,16.85,87.94,16.3
2020,8,21,16.78,89.38,10.48
2020,8,22,17.58,91.56,12.07
2020,8,23,18.19,93.56,18.28
2020,8,24,18.43,90.88,7.21
2020,8,25,18.49,88.31,5.35
2020,8,26,18.62,88.62,7.97
2020,8,27,17.64,89.56,12.15
2020,8,28,17.46,91,7.57
2020,8,29,18.25,92.88,8.09
2020,8,30,18.43,92.75,8.58
2020,8,31,18.68,95.44,22.86
2020,9,1,19.1,95.06,18.97
2020,9,2,17.94,90.25,4.2
2020,9,3,18.43,91.5,6.86
2020,9,4,18.37,92.75,13.72
2020,9,5,18.01,93.12,20.55
2020,9,6,18.01,94.56,26.9
2020,9,7,18.13,96.19,46.53
2020,9,8,17.76,93.56,37.42
2020,9,9,17.82,92.56,12.58
2020,9,10,17.76,92.88,15.59
2020,9,11,17.7,92.75,19.5
2020,9,12,18.13,93.06,10.32
2020,9,13,17.4,96.06,28.3
2020,9,14,17.52,93.38,23.27
2020,9,15,17.64,97.94,54.26
2020,9,16,18.19,96.75,22.94
2020,9,17,18.07,96.06,23.34
2020,9,18,17.46,93.44,12.08
2020,9,19,17.76,85,1.88
2020,9,20,18.19,83.81,2.05
2020,9,21,17.82,94.69,38.9
2020,9,22,16.54,92.94,43.86
2020,9,23,17.58,97.19,82.53
2020,9,24,17.46,95.56,18.84
2020,9,25,17.88,98.25,35.7
2020,9,26,18.07,95.06,57.18
2020,9,27,17.58,93.56,13.67
2020,9,28,17.21,89.56,3.14
2020,9,29,17.58,92.62,6.75
2020,9,30,17.4,91.62,1.55
2020,10,1,17.52,92.19,1.4
2020,10,2,16.91,89.38,1.57
2020,10,3,16.91,92.44,2.5
2020,10,4,17.03,90.56,1.25
2020,10,5,17.09,93.44,4.76
2020,10,6,17.21,92.12,4.55
2020,10,7,16.91,91.38,5
2020,10,8,16.05,85.38,1.19
2020,10,9,16.42,84.56,0
2020,10,10,16.6,85.56,0
2020,10,11,15.75,85.06,0.37
2020,10,12,15.81,86.75,0.81
2020,10,13,15.99,84.75,0.03
2020,10,14,15.69,82.69,0.03
2020,10,15,16.42,87.62,0.02
2020,10,16,16.78,90.12,0
2020,10,17,15.75,88.12,0
2020,10,18,14.89,83.88,0.01
2020,10,19,15.08,86.94,0
2020,10,20,15.32,88.12,0
2020,10,21,13.85,80.94,0.07
2020,10,22,13.24,78.38,0.22
2020,10,23,13.37,79.19,0.76
2020,10,24,13.61,83.38,4.87
2020,10,25,13.61,84.12,14.86
2020,10,26,13.61,86.5,8.38
2020,10,27,11.35,72.81,0.06
2020,10,28,11.17,69.31,0
2020,10,29,9.83,61.19,0
2020,10,30,8.18,48.75,0
2020,10,31,8.85,53.19,0.01
2020,11,1,12.02,72.88,0.03
2020,11,2,13.67,85.12,0.28
2020,11,3,12.45,80.88,0.01
2020,11,4,10.74,72.94,0
2020,11,5,9.28,70.81,0
2020,11,6,8.61,68.38,0.03
2020,11,7,8.73,65.06,0
2020,11,8,8.79,64.38,0
2020,11,9,9.16,65.12,0
2020,11,10,8.73,63.31,0
2020,11,11,8.18,58.12,0
2020,11,12,7.51,51.19,0
2020,11,13,7.93,54.75,0
2020,11,14,8.73,63.38,0.03
2020,11,15,8.85,62.88,0.07
2020,11,16,8.97,63.56,0
2020,11,17,10.01,80.69,0
2020,11,18,10.01,86.5,0
2020,11,19,8.85,80.19,0
2020,11,20,9.46,81.44,0
2020,11,21,9.52,84.56,0.01
2020,11,22,7.14,73,0
2020,11,23,6.35,61.25,0
2020,11,24,7.02,63.56,0
2020,11,25,7.26,62.5,0
2020,11,26,7.51,60.31,0
2020,11,27,7.08,56.06,0.11
2020,11,28,6.84,56.69,0
2020,11,29,7.39,59,0
2020,11,30,8.36,68.88,0
2020,12,1,9.09,75.06,0
2020,12,2,9.28,78.94,0
2020,12,3,9.4,83.88,0
2020,12,4,9.46,87.06,3.42
2020,12,5,9.09,86.44,1.55
2020,12,6,9.09,87.31,1.7
2020,12,7,8.91,83.56,0.31
2020,12,8,9.03,82.81,0.02
2020,12,9,9.7,86.81,0
2020,12,10,9.46,86.5,0
2020,12,11,8.24,79.88,0.07
2020,12,12,8.54,79.88,0.03
2020,12,13,8.67,80.12,0
2020,12,14,8.42,79.94,0
2020,12,15,7.02,70.75,0
2020,12,16,7.02,68.56,0
2020,12,17,7.39,76.75,0
2020,12,18,5.74,67.56,0.02
2020,12,19,4.82,58.94,0.01
2020,12,20,5.92,62.81,0
2020,12,21,6.53,64,0
2020,12,22,6.77,69,0
2020,12,23,7.02,68.94,0
2020,12,24,6.47,64.19,0
2020,12,25,5.43,56.25,0
2020,12,26,5.55,59.31,0
2020,12,27,5.68,61.94,0
2020,12,28,5.37,57.62,0
2020,12,29,5.13,54.94,0
2020,12,30,5.13,52.38,0
2020,12,31,5.37,53.19,0
2021,1,1,5.98,57,0
2021,1,2,5.86,57.25,0
2021,1,3,6.29,56.94,0
2021,1,4,7.02,58.94,0
2021,1,5,7.39,61.19,0.01
2021,1,6,8,66.81,0
2021,1,7,7.93,69.81,0
2021,1,8,8.36,75.31,0
2021,1,9,7.93,73.5,0
2021,1,10,8.48,79.12,0
2021,1,11,8.85,83.06,0.41
2021,1,12,7.32,75.94,0.03
2021,1,13,6.35,72,0
2021,1,14,6.16,69,0
2021,1,15,6.23,67.69,0
2021,1,16,5.55,64.25,0.03
2021,1,17,5.62,59.19,0.04
2021,1,18,6.77,63.81,0
2021,1,19,7.93,85.69,2.39
2021,1,20,7.45,85.19,4.11
2021,1,21,6.1,70.12,0.23
2021,1,22,5.37,58.88,0
2021,1,23,6.41,72.5,0
2021,1,24,5.86,67.44,0
2021,1,25,5.55,64.75,0
2021,1,26,5.37,61.81,0
2021,1,27,4.58,50.94,0
2021,1,28,4.09,44.44,0
2021,1,29,4.15,44.31,0
2021,1,30,3.91,47.12,0
2021,1,31,3.91,47.69,0
2021,2,1,4.03,48.44,0
2021,2,2,3.97,43.12,0
2021,2,3,4.7,46.94,0
2021,2,4,4.94,47.81,0
2021,2,5,5.07,49.25,0
2021,2,6,5.74,58.44,0.08
2021,2,7,5.68,60,0.19
2021,2,8,4.09,39.56,0
2021,2,9,4.39,37.62,0
2021,2,10,5.13,47.81,0
2021,2,11,5.37,50.75,0
2021,2,12,6.04,57.88,0
2021,2,13,6.41,60.25,0
2021,2,14,6.77,61.62,0
2021,2,15,6.1,57.62,0.3
2021,2,16,5.37,52.12,0.05
2021,2,17,5.31,49.56,0.09
2021,2,18,6.29,56.12,0.44
2021,2,19,6.04,55.12,0.01
2021,2,20,5.19,45.44,0
2021,2,21,5.07,42.12,0
2021,2,22,5.25,42.5,0
2021,2,23,5.49,44.88,0
2021,2,24,6.35,52,0
2021,2,25,5.74,48.56,0.24
2021,2,26,5.62,46.12,2.68
2021,2,27,6.35,53.25,5.98
2021,2,28,6.96,58.06,8.77
2021,3,1,6.35,48.75,0.69
2021,3,2,4.39,35.69,0.29
2021,3,3,3.91,32.81,0.47
2021,3,4,4.52,38.25,2.79
2021,3,5,5.07,41.62,4.25
2021,3,6,4.64,36.75,0.19
2021,3,7,5.31,43.88,0.14
2021,3,8,5.92,48.38,0.42
2021,3,9,6.59,50.12,0.52
2021,3,10,6.35,46.5,6.99
2021,3,11,6.84,50.69,5.26
2021,3,12,5.92,41.56,0.18
2021,3,13,5.43,38,0.92
2021,3,14,7.26,53.81,7.59
2021,3,15,7.51,54.31,0.25
2021,3,16,6.16,44.81,0.28
2021,3,17,5.8,40.75,0.11
2021,3,18,6.41,43.5,1.44
2021,3,19,7.2,47.62,0.06
2021,3,20,6.77,43.62,0.07
2021,3,21,6.16,41.44,0.07
2021,3,22,5.68,36.62,0.03
2021,3,23,5.98,36.12,0.79
2021,3,24,6.47,37.06,3.16
2021,3,25,5.13,34,0.11
2021,3,26,4.88,31.38,0.01
2021,3,27,5,31.94,0
2021,3,28,5.31,31.38,0.02
2021,3,29,5.86,37,2.04
2021,3,30,7.39,49.5,4.94
2021,3,31,6.84,42,5.16
2021,4,1,5,32.75,1.59
2021,4,2,3.42,21.69,0.31
2021,4,3,3.66,23.5,0.5
2021,4,4,3.66,24.94,0.59
2021,4,5,4.64,30.38,0.07
2021,4,6,5.49,33.31,0
2021,4,7,7.02,41.44,0
2021,4,8,8.73,50.75,3.39
2021,4,9,8.24,48.94,2.73
2021,4,10,5.8,32.94,1.67
2021,4,11,4.15,23.69,1.06
2021,4,12,4.21,23.06,1.21
2021,4,13,5,27.56,2.14
2021,4,14,5.98,33.12,0.52
2021,4,15,6.59,37.56,1.01
2021,4,16,8.73,51.56,22.88
2021,4,17,10.5,69.12,10.3
2021,4,18,9.83,64.5,18.22
2021,4,19,7.32,45.38,8.42
2021,4,20,7.45,46.5,0.44
2021,4,21,8.85,50.81,0.19
2021,4,22,10.31,65.25,17.14
2021,4,23,8.12,49.06,0.04
2021,4,24,8.12,46.12,0.07
2021,4,25,8.36,45.38,1.11
2021,4,26,7.26,40,2.6
2021,4,27,7.08,38.56,0.34
2021,4,28,8.48,46.69,4.52
2021,4,29,10.25,53.5,5.23
2021,4,30,10.68,56.25,4.77
2021,5,1,12.27,72,6.48
2021,5,2,12.08,73.88,3.24
2021,5,3,11.96,72.56,19.87
2021,5,4,12.39,80,17.28
2021,5,5,12.33,84.38,10.82
2021,5,6,12.57,83.75,12.32
2021,5,7,13.24,86.44,9.22
2021,5,8,12.94,80.25,6.54
2021,5,9,12.21,77.5,4.61
2021,5,10,11.78,73.69,4.65
2021,5,11,11.66,76.31,14.38
2021,5,12,12.63,86.06,15.58
2021,5,13,12.33,80.31,2.7
2021,5,14,11.9,75.38,7
2021,5,15,11.9,70.12,2.61
2021,5,16,11.35,63.38,7.14
2021,5,17,13.06,70.69,13.49
2021,5,18,11.54,62.38,5.95
2021,5,19,10.8,56.94,0.52
2021,5,20,13.43,69.94,1.73
2021,5,21,15.99,84.56,1.45
2021,5,22,15.08,73.19,0.55
2021,5,23,14.1,67.06,0
2021,5,24,15.26,69.19,2.23
2021,5,25,15.01,74.31,3.84
2021,5,26,16.48,81.69,18.67
2021,5,27,15.93,87.75,33.52
2021,5,28,15.56,86.19,39.52
2021,5,29,15.93,79.44,1.55
2021,5,30,16.97,84.56,2.88
2021,5,31,17.82,92.94,12.62
2021,6,1,16.91,87.5,4.1
2021,6,2,15.99,83.19,10.85
2021,6,3,15.44,81.75,2.68
2021,6,4,16.36,81.44,6.58
2021,6,5,16.85,84.62,24.54
2021,6,6,16.72,86.31,30.47
2021,6,7,17.15,86.25,14.88
2021,6,8,16.66,83.81,16.83
2021,6,9,17.94,92.06,29.14
2021,6,10,16.6,86,0.96
2021,6,11,16.66,84.88,4.23
2021,6,12,16.72,86.88,9.34
2021,6,13,17.03,84.69,6.3
2021,6,14,18.31,88.69,9.92
2021,6,15,18.07,88.56,29.79
2021,6,16,18.8,91.06,26.97
2021,6,17,18.31,91.75,34.47
2021,6,18,17.52,89.69,18.46
2021,6,19,16.91,91.88,35.52
2021,6,20,16.72,92.25,31.83
2021,6,21,17.58,89.25,4.37
2021,6,22,18.13,89.25,10.99
2021,6,23,18.37,91.62,13.42
2021,6,24,18.01,89.88,8.27
2021,6,25,18.37,92.25,14.03
2021,6,26,18.25,92.38,24.1
2021,6,27,18.19,91.25,17.74
2021,6,28,18.74,93.88,8.56
2021,6,29,19.53,97.5,31.16
2021,6,30,19.41,95.75,33.58
2021,7,1,17.58,92.81,30.02
2021,7,2,18.19,96.5,23.05
2021,7,3,18.43,96.12,39.26
2021,7,4,18.01,94.06,22.19
2021,7,5,18.25,93,11.63
2021,7,6,19.29,95.12,7.48
2021,7,7,19.35,94.75,24.08
2021,7,8,18.62,93.19,28.36
2021,7,9,18.74,92.31,5.99
2021,7,10,18.49,93.12,11.08
2021,7,11,17.58,90.19,16.44
2021,7,12,17.46,86.56,10.62
2021,7,13,18.01,86.81,24.45
2021,7,14,18.01,92.88,20.6
2021,7,15,18.19,94.38,14.6
2021,7,16,18.31,94.88,27.7
2021,7,17,18.43,93.19,18.82
2021,7,18,19.29,95.38,27.51
2021,7,19,18.98,93.06,10.3
2021,7,20,18.49,93.69,22.74
2021,7,21,18.13,88.06,16.86
2021,7,22,18.49,86.69,10.15
2021,7,23,19.1,90.56,15.67
2021,7,24,18.68,88,3.32
2021,7,25,19.29,92.19,9.72
2021,7,26,19.41,90.19,17.88
2021,7,27,19.04,90.69,15.4
2021,7,28,18.43,85.19,14.8
2021,7,29,18.68,89.12,37.46
2021,7,30,17.88,89.19,27.3
2021,7,31,18.43,91.25,22.25
2021,8,1,18.92,92.56,25.46
2021,8,2,18.74,92.38,19.28
2021,8,3,17.76,86.88,11.05
2021,8,4,17.52,85.19,4.3
2021,8,5,17.27,79.81,1.19
2021,8,6,18.37,83.38,4.66
2021,8,7,19.29,92.69,11.66
2021,8,8,18.55,92.81,15.03
2021,8,9,18.62,90.25,3.31
2021,8,10,19.23,93.44,11.55
2021,8,11,19.47,94.12,23.3
2021,8,12,19.41,94.81,12.74
2021,8,13,19.53,95.88,21.15
2021,8,14,19.59,94.31,12.23
2021,8,15,18.55,93.69,13.32
2021,8,16,18.98,93.94,18.09
2021,8,17,18.37,95.81,19.55
2021,8,18,17.33,95.25,32.19
2021,8,19,16.97,91.62,56.75
2021,8,20,17.33,93,15.23
2021,8,21,17.46,94.56,17.15
2021,8,22,18.01,95.31,18
2021,8,23,18.19,95.88,40.31
2021,8,24,18.98,94.81,9.71
2021,8,25,19.41,94.69,20.26
2021,8,26,18.55,97.25,44.62
2021,8,27,17.52,91.56,17.74
2021,8,28,17.46,94.69,32.67
2021,8,29,16.42,90.5,6.43
2021,8,30,16.24,93.06,10.04
2021,8,31,17.15,94.12,13.29
2021,9,1,18.25,95.69,35.52
2021,9,2,18.25,97.88,47.27
2021,9,3,17.09,88.88,4.68
2021,9,4,18.55,92.25,2.82
2021,9,5,18.43,92.19,10.13
2021,9,6,17.21,89.25,18.14
2021,9,7,17.09,92.5,22.5
2021,9,8,16.91,89.88,9.55
2021,9,9,17.03,91.06,8.77
2021,9,10,16.85,87.62,10.78
2021,9,11,16.24,80.69,4.3
2021,9,12,17.76,85.88,0.61
2021,9,13,17.76,88.19,10.76
2021,9,14,16.6,88.75,5.84
2021,9,15,16.24,82.62,4.82
2021,9,16,16.24,83.38,4.06
2021,9,17,16.17,91.25,11.61
2021,9,18,16.54,87,17.89
2021,9,19,18.25,93.25,4.18
2021,9,20,17.76,95.44,0.27
2021,9,21,16.42,86.81,6.71
2021,9,22,16.66,90.38,1.75
2021,9,23,16.6,89.94,8.83
2021,9,24,16.11,84.88,4.83
2021,9,25,15.87,84.5,2.21
2021,9,26,16.24,82.69,1.36
2021,9,27,16.3,81,5.27
2021,9,28,16.97,90.75,5.78
2021,9,29,16.42,93,4.9
2021,9,30,16.48,90.75,0.41
2021,10,1,15.93,86.38,1.51
2021,10,2,15.93,87.56,13.5
2021,10,3,15.81,93,27.08
2021,10,4,15.62,88.81,15.11
2021,10,5,14.65,90.5,10.33
2021,10,6,15.56,92.69,5.1
2021,10,7,16.85,95.69,2.41
2021,10,8,17.21,93.19,8.47
2021,10,9,15.87,89.19,2.51
2021,10,10,15.26,85.94,0.09
2021,10,11,15.38,81.31,0
2021,10,12,14.77,74.69,0
2021,10,13,15.62,76.38,0
2021,10,14,17.09,84.75,0
2021,10,15,16.17,81.56,0
2021,10,16,16.48,86.06,4.12
2021,10,17,16.6,89.94,5.19
2021,10,18,16.36,95.69,35.16
2021,10,19,15.44,96.81,80.84
2021,10,20,16.05,99.44,84.02
2021,10,21,15.32,92.44,2.81
2021,10,22,13.12,93,5.29
2021,10,23,12.33,88.94,1.94
2021,10,24,12.15,82.69,0.04
2021,10,25,12.88,88.12,1.17
2021,10,26,13.37,92.06,0.62
2021,10,27,12.88,86.75,0.02
2021,10,28,11.6,78.5,0
2021,10,29,12.76,87.12,0
2021,10,30,12.76,88.44,0.89
2021,10,31,12.45,92.31,0.82
2021,11,1,11.9,92,0
2021,11,2,11.41,87.44,0
2021,11,3,11.41,85.94,0
2021,11,4,10.93,86.31,0
2021,11,5,10.62,83.44,0
2021,11,6,11.17,88.06,0
2021,11,7,11.29,88.69,0
2021,11,8,11.23,84.69,0
2021,11,9,10.99,82.94,0
2021,11,10,10.62,82.31,0
2021,11,11,11.11,84.31,0
2021,11,12,11.47,89.44,0
2021,11,13,11.17,88.75,0
2021,11,14,10.38,85.19,0
2021,11,15,9.83,82.44,0
2021,11,16,10.07,85.94,0
2021,11,17,11.05,88.56,0
2021,11,18,10.93,83.56,0
2021,11,19,11.23,90.31,0
2021,11,20,11.29,90.12,0
2021,11,21,11.11,90.25,0.1
2021,11,22,10.8,92.31,1.64
2021,11,23,9.64,88,1.12
2021,11,24,9.03,86.25,0.73
2021,11,25,8.97,85.25,0.15
2021,11,26,9.46,90.25,0.13
2021,11,27,9.03,84.75,0
2021,11,28,8.54,76.12,0
2021,11,29,8.67,79.5,0
2021,11,30,8.79,78.38,0
2021,12,1,9.28,74.81,0
2021,12,2,10.01,77.38,0
2021,12,3,10.62,87.12,0.11
2021,12,4,10.93,91,0.04
2021,12,5,10.74,83.81,0
2021,12,6,10.31,82.88,0
2021,12,7,9.89,82.94,0
2021,12,8,10.07,85.06,0
2021,12,9,9.4,81.75,0
2021,12,10,7.93,75.12,0
2021,12,11,7.69,74.75,0
2021,12,12,8.18,82.56,0
2021,12,13,7.87,77.38,0
2021,12,14,8.24,80,0
2021,12,15,7.63,76.94,0
2021,12,16,7.57,77.31,0
2021,12,17,7.02,69.31,0
2021,12,18,6.96,67.81,0
2021,12,19,6.9,71.94,0
2021,12,20,6.65,71.69,0
2021,12,21,7.32,75.19,0
2021,12,22,7.51,81.62,0.08
2021,12,23,8.06,85,0.01
2021,12,24,7.93,87.62,0.25
2021,12,25,7.26,84.44,0.03
2021,12,26,6.59,77.69,0.01
2021,12,27,6.77,79.38,0
2021,12,28,7.26,82.19,0.27
2021,12,29,6.71,88,10.08
2021,12,30,6.47,72.62,1.69
2021,12,31,6.53,69,0.02
2022,1,1,7.51,78.19,0
2022,1,2,7.26,74.5,0
2022,1,3,7.57,77.62,0
2022,1,4,6.41,67.81,0
2022,1,5,7.26,73.06,0
2022,1,6,8.06,81.56,0
2022,1,7,8.18,78.81,0
2022,1,8,8.42,77.12,0
2022,1,9,8.67,79.69,0
2022,1,10,8.36,76.88,0
2022,1,11,7.45,71.44,0.02
2022,1,12,7.87,76.44,1.85
2022,1,13,7.57,86.5,0.6
2022,1,14,6.96,78.06,0.2
2022,1,15,6.47,72.25,0
2022,1,16,5.92,65.38,0
2022,1,17,5.68,60.75,0
2022,1,18,5.86,63,0
2022,1,19,6.47,71,0.3
2022,1,20,7.45,87.12,0.97
2022,1,21,7.14,87.94,1.83
2022,1,22,6.77,81.81,0.53
2022,1,23,7.02,84.06,0.83
2022,1,24,6.59,76.38,0.44
2022,1,25,7.2,80.75,0.01
2022,1,26,6.59,79.62,0.11
2022,1,27,5.74,73.31,0.02
2022,1,28,6.04,79.5,0
2022,1,29,5.43,67.5,0
2022,1,30,6.1,75.69,0
2022,1,31,6.04,74.81,0.01
2022,2,1,6.29,81.62,1.36
2022,2,2,6.29,76.19,0.06
2022,2,3,6.59,77.56,0.23
2022,2,4,6.47,84,22.83
2022,2,5,6.04,90.38,5.63
2022,2,6,5.43,70.31,0.03
2022,2,7,6.23,78.56,0.97
2022,2,8,6.53,80.25,0.64
2022,2,9,6.9,80.38,0.38
2022,2,10,7.32,81.25,2.16
2022,2,11,7.2,83,0.63
2022,2,12,5.49,63.88,0
2022,2,13,6.29,66.38,0
2022,2,14,6.9,69.94,0
2022,2,15,7.02,68.62,0
2022,2,16,7.08,73.69,1.12
2022,2,17,6.96,73.56,0.53
2022,2,18,6.53,68.81,0.02
2022,2,19,6.23,64.69,0.25
2022,2,20,5.86,67,0.64
2022,2,21,5.37,63.44,0.82
2022,2,22,5.62,61.5,0.02
2022,2,23,6.47,65.94,0
2022,2,24,7.45,71.12,0.07
2022,2,25,7.69,76,6.69
2022,2,26,7.26,70.62,0.72
2022,2,27,7.26,68.94,0.04
2022,2,28,6.65,60.62,0
2022,3,1,5.74,48.88,0.28
2022,3,2,6.41,56.31,0.05
2022,3,3,7.32,63,1.45
2022,3,4,7.02,61.75,0.02
2022,3,5,6.77,56.38,0
2022,3,6,6.35,44.75,0
2022,3,7,6.71,45.06,0
2022,3,8,6.59,42.88,0
2022,3,9,6.77,45.31,0
2022,3,10,6.53,42.69,0
2022,3,11,6.41,42.19,0
2022,3,12,6.47,43.75,0
2022,3,13,7.08,45.44,0
2022,3,14,7.81,46.44,0
2022,3,15,8.36,48.5,0
2022,3,16,8.06,49.19,0
2022,3,17,8.73,51.88,0
2022,3,18,9.83,52.56,0
2022,3,19,11.05,58.56,0.1
2022,3,20,11.11,62.75,0.92
2022,3,21,10.86,63.31,2.78
2022,3,22,11.6,70.31,2.9
2022,3,23,10.5,64,3.13
2022,3,24,7.93,51.25,3.74
2022,3,25,7.39,46.38,0.47
2022,3,26,6.1,37.81,0.01
2022,3,27,6.04,37.44,1.68
2022,3,28,9.03,60,1.43
2022,3,29,10.8,72.5,2.03
2022,3,30,12.27,81.56,6.11
2022,3,31,12.88,83.25,8.8
2022,4,1,12.51,78.19,8.25
2022,4,2,12.15,72.5,6.83
2022,4,3,13.55,85.19,23.85
2022,4,4,12.45,76.31,12.92
2022,4,5,11.11,68.94,17.84
2022,4,6,11.6,71,14.67
2022,4,7,13,82.12,20.22
2022,4,8,12.45,81.25,16.48
2022,4,9,11.9,79,4.95
2022,4,10,11.96,83,21.83
2022,4,11,11.9,72.88,1.86
2022,4,12,12.57,76,5.38
2022,4,13,12.88,78.44,6.26
2022,4,14,11.29,64.38,1.61
2022,4,15,8.42,45.06,1.23
2022,4,16,7.32,40.81,3.06
2022,4,17,7.63,45.56,9.58
2022,4,18,9.95,62.19,12.02
2022,4,19,12.39,74.06,4.4
2022,4,20,13.43,82,10.86
2022,4,21,12.27,78.62,7.11
2022,4,22,13,81,4.22
2022,4,23,11.11,65.75,3.47
2022,4,24,8.24,46.88,0.97
2022,4,25,8.12,45.88,0.78
2022,4,26,9.4,53.69,1.93
2022,4,27,10.86,62.06,7.38
2022,4,28,10.8,60.06,1.37
2022,4,29,12.15,68.06,4.15
2022,4,30,13.12,78.5,12.28
2022,5,1,13.18,78,2.22
2022,5,2,13.37,80.62,5.9
2022,5,3,13.73,85.69,3.56
2022,5,4,13.79,89.56,11.01
2022,5,5,12.45,76.88,2.82
2022,5,6,13.43,79.06,8.11
2022,5,7,13.92,78.56,6.76
2022,5,8,13.06,71.44,0.22
2022,5,9,14.22,78.75,0.24
2022,5,10,14.59,83.06,10.56
2022,5,11,15.5,84.5,16.84
2022,5,12,16.11,86.44,18.19
2022,5,13,16.91,89.56,16.88
2022,5,14,16.11,85.12,12.68
2022,5,15,15.87,83.88,19.76
2022,5,16,15.56,82.75,24.06
2022,5,17,16.3,89.31,26.44
2022,5,18,15.08,81.5,6.75
2022,5,19,15.93,86.69,13.39
2022,5,20,14.89,84.5,33.56
2022,5,21,14.95,86.56,13.3
2022,5,22,14.28,82.69,4.39
2022,5,23,13.85,79.94,0.91
2022,5,24,14.89,79.5,0.25
2022,5,25,14.83,78.31,10.44
2022,5,26,14.71,81.25,16.83
2022,5,27,12.63,70.31,4.14
2022,5,28,13.61,77.62,2.86
2022,5,29,15.44,84.38,10.82
2022,5,30,16.85,89.38,9.92
2022,5,31,17.21,87.62,5.72
2022,6,1,17.58,88.75,16.88
2022,6,2,17.88,95.62,21.58
2022,6,3,17.09,86.62,13.41
2022,6,4,16.66,83.88,7.7
2022,6,5,17.21,88.31,4.31
2022,6,6,17.88,91.44,10.64
2022,6,7,18.01,91.81,20.34
2022,6,8,18.01,89.75,39.44
2022,6,9,18.37,92.19,21.86
2022,6,10,18.01,91.56,20.83
2022,6,11,17.03,87.69,15.15
2022,6,12,18.01,90.44,50.15
2022,6,13,17.76,89.88,34.19
2022,6,14,16.78,87.12,22.11
2022,6,15,18.37,91.88,44.58
2022,6,16,18.74,95.75,28.2
2022,6,17,18.19,96.31,57.17
2022,6,18,18.07,93.12,36.25
2022,6,19,17.94,93.31,23.98
2022,6,20,17.09,89.25,34.43
2022,6,21,17.33,91.25,15.03
2022,6,22,17.46,89.31,4.5
2022,6,23,18.19,92.88,18.88
2022,6,24,18.25,92.94,13.28
2022,6,25,17.52,93.81,5.12
2022,6,26,17.03,85.62,29.23
2022,6,27,17.88,95.06,52.26
2022,6,28,18.25,96.81,73.93
2022,6,29,17.27,97.12,57.86
2022,6,30,16.6,92.19,11.74
2022,7,1,18.01,94.31,23.7
2022,7,2,18.19,91.25,3.13
2022,7,3,18.25,90.5,3.59
2022,7,4,18.92,93.5,2.57
2022,7,5,19.04,90.38,3.88
2022,7,6,18.43,86.75,4.96
2022,7,7,18.92,88.56,3.44
2022,7,8,19.29,94.81,8.83
2022,7,9,18.13,90.5,3.66
2022,7,10,18.25,87.12,2.2
2022,7,11,18.86,92.56,3.72
2022,7,12,18.62,89.62,2.49
2022,7,13,18.92,89.38,5.92
2022,7,14,19.23,88,3.45
2022,7,15,18.55,86.88,1.15
2022,7,16,18.74,83.25,2.25
2022,7,17,18.86,89.38,3.17
2022,7,18,18.74,91.38,7.21
2022,7,19,18.98,94.19,19.88
2022,7,20,19.17,93.62,12.75
2022,7,21,18.43,92.38,27.84
2022,7,22,18.13,92.44,22.22
2022,7,23,18.31,89.12,15.36
2022,7,24,17.82,94.31,34.6
2022,7,25,16.66,93.12,28.33
2022,7,26,16.72,91,17.78
2022,7,27,17.58,92.44,21.47
2022,7,28,17.88,91,27.57
2022,7,29,18.25,89.25,10.37
2022,7,30,18.49,92.06,20.62
2022,7,31,18.8,96.44,43.41
2022,8,1,18.31,95.94,34.19
2022,8,2,17.7,88.88,10.05
2022,8,3,18.74,93.12,14.06
2022,8,4,18.01,93.81,12.1
2022,8,5,18.49,89.56,16.44
2022,8,6,19.04,93,30.28
2022,8,7,18.43,88.44,6.31
2022,8,8,18.92,86.44,9.91
2022,8,9,19.29,91.06,9.18
2022,8,10,18.62,91.88,3.31
2022,8,11,18.25,88,0.73
2022,8,12,18.43,88.75,1.36
2022,8,13,19.59,90.69,25.93
2022,8,14,18.19,89.75,23.66
2022,8,15,17.7,90.19,7.51
2022,8,16,18.43,91.12,1.72
2022,8,17,18.74,92.19,1.48
2022,8,18,19.41,88.25,5.84
2022,8,19,18.8,92.75,27.32
2022,8,20,18.43,90.31,17.17
2022,8,21,17.94,90.25,7.59
2022,8,22,18.62,90.12,1.92
2022,8,23,18.13,89.5,22.32
2022,8,24,18.43,89.31,12.6
2022,8,25,18.43,91.75,2.76
2022,8,26,18.43,89.75,2.51
2022,8,27,18.86,94.12,14.85
2022,8,28,18.01,93.19,49.05
2022,8,29,17.94,93.06,23.45
2022,8,30,18.43,94.88,19.61
2022,8,31,18.49,94.94,26.41
2022,9,1,17.94,91.62,32.63
2022,9,2,18.62,93.62,29.32
2022,9,3,18.31,94.94,8.24
2022,9,4,18.43,93.81,11.57
2022,9,5,18.31,94.56,14.48
2022,9,6,18.31,94.94,15.83
2022,9,7,17.7,94.62,5.53
2022,9,8,16.91,90.81,16.62
2022,9,9,15.81,85,6.14
2022,9,10,17.03,87.44,9.52
2022,9,11,17.33,93.5,6.31
2022,9,12,16.54,92.06,11.81
2022,9,13,16.48,91.12,17.35
2022,9,14,16.6,93.12,19.89
2022,9,15,16.72,90.56,6.6
2022,9,16,17.64,92.12,19.39
2022,9,17,18.13,94.44,10.01
2022,9,18,17.76,89.25,5.42
2022,9,19,17.82,91.19,2.24
2022,9,20,18.07,92.94,1.21
2022,9,21,17.88,91.75,2.03
2022,9,22,17.94,93.94,7.62
2022,9,23,17.52,95.69,14.88
2022,9,24,17.27,93.25,15.91
2022,9,25,16.54,95.31,13.76
2022,9,26,15.38,88.19,3.02
2022,9,27,16.78,94.44,1.84
2022,9,28,16.78,92.5,9.55
2022,9,29,16.97,91.69,5.96
2022,9,30,16.48,85.81,1.5
2022,10,1,16.36,84.19,0.06
2022,10,2,17.09,86.38,0.03
2022,10,3,16.6,88.25,9.52
2022,10,4,15.93,91.31,16.11
2022,10,5,15.5,87.62,15.89
2022,10,6,15.81,89.62,6.25
2022,10,7,16.78,94.31,10.06
2022,10,8,16.48,92.06,11.54
2022,10,9,16.85,93.88,22.18
2022,10,10,16.17,92.88,20.1
2022,10,11,15.75,91.44,9.93
2022,10,12,14.83,90.19,14.56
2022,10,13,14.34,87.12,3.98
2022,10,14,13.55,82.31,0.05
2022,10,15,12.82,78.12,0
2022,10,16,12.94,77.88,0.06
2022,10,17,12.94,78.31,0
2022,10,18,12.57,79,0
2022,10,19,11.66,83.19,0
2022,10,20,11.17,74.75,0
2022,10,21,11.78,78.12,0
2022,10,22,9.58,63.06,0
2022,10,23,10.44,70.31,0
2022,10,24,12.21,80.69,1.03
2022,10,25,12.7,90.44,2.61
2022,10,26,11.96,86.56,0.28
2022,10,27,11.17,82.75,0.01
2022,10,28,11.23,81.75,0
2022,10,29,12.02,83.88,0
2022,10,30,11.96,80.88,0
2022,10,31,10.99,73.38,0
2022,11,1,10.68,72.88,0
2022,11,2,12.15,85.19,0
2022,11,3,12.15,88.19,0
2022,11,4,12.02,83.56,0.16
2022,11,5,11.72,77.81,0.02
2022,11,6,11.78,82,0
2022,11,7,12.45,90.25,0
2022,11,8,12.39,89.62,0
2022,11,9,11.35,82.75,0
2022,11,10,10.13,77.19,0
2022,11,11,10.19,80.31,0.44
2022,11,12,10.56,84.75,1.31
2022,11,13,10.38,86.5,0.03
2022,11,14,10.62,85.5,0
2022,11,15,9.95,81.06,0
2022,11,16,9.7,81.25,0.06
2022,11,17,10.07,86.25,0.04
2022,11,18,10.13,86.62,0
2022,11,19,9.34,72.62,0
2022,11,20,9.16,70.31,0
2022,11,21,9.52,77.12,0
2022,11,22,10.19,83.31,0
2022,11,23,9.7,82.5,0
2022,11,24,9.28,76.06,0
2022,11,25,8.24,57.5,0
2022,11,26,9.34,69.44,0
2022,11,27,10.13,81.75,0
2022,11,28,9.95,82.5,0
2022,11,29,9.34,73.62,0
2022,11,30,9.34,73.88,0
2022,12,1,9.4,76.31,0
2022,12,2,9.4,75.94,0
2022,12,3,9.16,74.69,0
2022,12,4,8.85,73,0
2022,12,5,9.7,79.44,0
2022,12,6,9.03,78,0
2022,12,7,8.67,76.19,0
2022,12,8,9.03,78.25,0
2022,12,9,9.4,81.5,0
2022,12,10,9.4,79.38,0
2022,12,11,8.61,75.88,0
2022,12,12,8.54,73.31,0
2022,12,13,8.97,80.5,0
2022,12,14,8.85,78.69,0
2022,12,15,8.67,80.62,0
2022,12,16,8.18,78.31,0
2022,12,17,8.54,78.31,0
2022,12,18,8.67,77.69,0
2022,12,19,9.09,80.94,0
2022,12,20,9.03,82.5,0.11
2022,12,21,8.42,78,0.01
2022,12,22,7.81,75.81,0
2022,12,23,6.77,68,0
2022,12,24,6.77,66.88,0
2022,12,25,7.75,75.56,0
2022,12,26,7.75,80.06,0
2022,12,27,6.47,72.19,0
2022,12,28,6.23,77.62,1.11
2022,12,29,6.71,79.56,0.17
2022,12,30,6.71,74.94,0
2022,12,31,7.26,82.56,0
2023,1,1,7.14,81,0
2023,1,2,6.84,75.94,0
2023,1,3,6.41,72.06,0
2023,1,4,5.43,60.62,0
2023,1,5,5.07,55.06,0
2023,1,6,5,47.44,0
2023,1,7,5,47.31,0
2023,1,8,5.25,50.44,0
2023,1,9,5.68,53,0
2023,1,10,5.43,53.44,0
2023,1,11,5,53.56,0
2023,1,12,5.55,57.12,0
2023,1,13,5.62,62.06,0
2023,1,14,6.23,71.38,0.1
2023,1,15,6.71,76.62,0.06
2023,1,16,5.68,68.5,0
2023,1,17,5,66.56,0
2023,1,18,4.94,65.56,0.04
2023,1,19,5.43,68.5,0.12
2023,1,20,5.8,68.38,0
2023,1,21,5.31,59.38,0
2023,1,22,5.55,57.44,0
2023,1,23,6.1,63.31,0
2023,1,24,6.59,63.94,0
2023,1,25,6.84,61.5,0
2023,1,26,7.69,66.12,0
2023,1,27,7.75,68.38,0
2023,1,28,7.69,68.62,0
2023,1,29,7.87,67.12,0
2023,1,30,7.45,58.19,0
2023,1,31,6.53,50.38,0
2023,2,1,5.13,44,0
2023,2,2,5.55,49.88,0
2023,2,3,6.41,56.88,0
2023,2,4,7.08,64.69,0
2023,2,5,6.96,66.56,0
2023,2,6,6.41,63.44,0
2023,2,7,6.23,63.38,0.79
2023,2,8,6.77,66.69,0.94
2023,2,9,7.39,74.25,3.25
2023,2,10,6.77,70.25,0.48
2023,2,11,6.1,59.94,0.03
2023,2,12,5.62,55.06,0.09
2023,2,13,4.27,43.88,0.02
2023,2,14,4.09,39.94,0
2023,2,15,4.76,44.56,0
2023,2,16,6.41,53.25,0
2023,2,17,7.26,57.06,0
2023,2,18,7.75,60.69,0
2023,2,19,8.36,65.31,0.35
2023,2,20,8.24,65.25,0.58
2023,2,21,8.18,63.75,0.36
2023,2,22,7.75,62.06,6.73
2023,2,23,6.53,53.81,0.19
2023,2,24,4.82,40.31,0.22
2023,2,25,5.98,51.31,0.47
2023,2,26,6.53,54.31,1.32
2023,2,27,6.47,57.62,0.82
2023,2,28,6.29,56.62,0.02
2023,3,1,6.71,54.31,0.28
2023,3,2,6.77,53.5,0.33
2023,3,3,6.84,52.5,0.17
2023,3,4,7.87,57.38,0.37
2023,3,5,8.24,59.38,0.17
2023,3,6,7.08,52.69,0.69
2023,3,7,5.74,42.44,0.33
2023,3,8,5.49,39.44,0.21
2023,3,9,5.68,41.12,0
2023,3,10,5.43,39.12,0
2023,3,11,5.8,40.56,1.06
2023,3,12,6.53,43.62,0.08
2023,3,13,6.84,45.12,1.46
2023,3,14,7.2,51.56,1.41
2023,3,15,7.75,57.56,10.05
2023,3,16,7.51,59.56,8.77
2023,3,17,7.63,59.25,3.54
2023,3,18,8.91,68.69,3.96
2023,3,19,9.89,78.25,8.25
2023,3,20,9.16,86.25,25.65
2023,3,21,8.79,76,13.58
2023,3,22,8.67,74,6.46
2023,3,23,8.18,67,9.54
2023,3,24,8.61,68.06,3.64
2023,3,25,9.22,66.75,1.75
2023,3,26,9.16,62.69,0.34
2023,3,27,6.59,44.94,1.21
2023,3,28,6.47,45.81,3.7
2023,3,29,6.1,43.12,1.3
2023,3,30,6.9,49.38,0.15
2023,3,31,8.24,60.44,18.11
2023,4,1,9.09,71.94,9.33
2023,4,2,9.16,78.38,8.93
2023,4,3,8.91,68.06,7.58
2023,4,4,8.97,62.25,3.91
2023,4,5,8,52.62,2.68
2023,4,6,7.14,47.88,8.13
2023,4,7,6.71,45.5,0.48
2023,4,8,7.32,43.38,0
2023,4,9,7.57,46.12,0.2
2023,4,10,6.65,40.88,2.33
2023,4,11,6.29,38.56,3.06
2023,4,12,6.23,36.94,0.01
2023,4,13,7.26,41.69,0
2023,4,14,8.24,43.44,0
2023,4,15,8.79,43.38,0
2023,4,16,8.61,42.62,2.09
2023,4,17,7.75,39.5,1.14
2023,4,18,8.67,42.19,0.34
2023,4,19,8.3,38.62,1.09
2023,4,20,9.22,44.5,4.1
2023,4,21,8.42,46.69,8.81
2023,4,22,9.22,56,12.52
2023,4,23,9.89,67.31,4.31
2023,4,24,9.58,62.12,0.18
2023,4,25,9.03,57.62,0.05
2023,4,26,8.79,53.88,4.22
2023,4,27,9.09,54.88,0.84
2023,4,28,9.7,57.5,7.4
2023,4,29,10.86,69.75,15.61
2023,4,30,10.68,71.44,5.93
2023,5,1,10.74,71.75,3.44
2023,5,2,10.13,66.44,2.24
2023,5,3,10.74,65.75,1.45
2023,5,4,11.78,71,3.25
2023,5,5,11.35,69,9.37
2023,5,6,10.86,62.75,5.68
2023,5,7,10.56,60.06,6.63
2023,5,8,9.95,55.62,11.55
2023,5,9,8.06,43.81,2.22
2023,5,10,6.84,36,2.61
2023,5,11,6.16,34.56,0.28
2023,5,12,9.09,48.69,0.07
2023,5,13,10.99,56,0
2023,5,14,10.62,53.94,0.95
2023,5,15,11.54,66.31,4.87
2023,5,16,11.6,68.69,13.57
2023,5,17,12.39,73.06,11.07
2023,5,18,13.55,79.06,7.29
2023,5,19,13.61,78.88,4.61
2023,5,20,11.29,66.56,11.48
2023,5,21,11.72,68.62,5.98
2023,5,22,14.22,76.62,1.01
2023,5,23,14.71,82.75,6.22
2023,5,24,12.94,71.56,3.13
2023,5,25,14.53,85.19,17.4
2023,5,26,13.37,79.56,25.01
2023,5,27,12.51,75,12.4
2023,5,28,12.82,74.44,1.48
2023,5,29,13.37,70,0.01
2023,5,30,13.55,64.12,0
2023,5,31,13.85,61.62,1.13
2023,6,1,13.92,61.62,1.28
2023,6,2,11.96,54.06,3.66
2023,6,3,12.02,57.19,0.96
2023,6,4,12.15,56,0.95
2023,6,5,13.18,61.56,0.81
2023,6,6,13.49,61.06,0.6
2023,6,7,13.79,59.56,0.24
2023,6,8,14.71,64.56,4.19
2023,6,9,15.87,73.69,5.16
2023,6,10,16.48,79.56,2.71
2023,6,11,16.36,78.44,24.68
2023,6,12,17.46,85.31,26.59
2023,6,13,17.7,86.12,18.75
2023,6,14,17.76,86.94,31.01
2023,6,15,17.03,80.31,30.93
2023,6,16,16.66,82.06,33.99
2023,6,17,16.72,81.75,32.74
2023,6,18,18.19,91.12,41.71
2023,6,19,18.37,93.44,42.16
2023,6,20,18.74,91.75,35.99
2023,6,21,18.19,91.62,42.07
2023,6,22,18.74,93.88,21.8
2023,6,23,18.8,92.75,11.85
2023,6,24,18.68,90.69,1.73
2023,6,25,18.01,88,4.25
2023,6,26,17.94,87.88,10.79
2023,6,27,18.07,90.44,28.05
2023,6,28,18.01,90.75,34.59
2023,6,29,18.19,93.38,18.08
2023,6,30,18.31,94.75,26.17
2023,7,1,18.55,93.12,18.39
2023,7,2,18.92,91.5,23.95
2023,7,3,18.37,92.94,30.55
2023,7,4,18.07,93.69,15.1
2023,7,5,18.01,88.5,3.99
2023,7,6,18.19,91,27.84
2023,7,7,18.13,92.06,23.45
2023,7,8,18.98,92.12,13.8
2023,7,9,19.23,92.62,19.54
2023,7,10,19.47,91.75,19.48
2023,7,11,19.41,94.44,17.74
2023,7,12,18.62,95.44,34.24
2023,7,13,18.74,96.12,58.25
2023,7,14,18.98,94.31,45.72
2023,7,15,18.55,92.81,13.45
2023,7,16,19.04,92.62,6.81
2023,7,17,18.68,93.69,15.39
2023,7,18,17.09,83.75,10.22
2023,7,19,17.82,81.88,1.66
2023,7,20,19.9,88.75,3.53
2023,7,21,18.07,86.06,15.42
2023,7,22,18.19,87.25,12.74
2023,7,23,18.37,89.75,9.51
2023,7,24,17.88,88,11.52
2023,7,25,17.21,86.31,16.35
2023,7,26,17.46,87.56,8.62
2023,7,27,18.01,88.94,17.93
2023,7,28,18.68,90.81,18.86
2023,7,29,18.43,91.56,25.81
2023,7,30,18.25,86.25,8.98
2023,7,31,18.98,85.81,5.23
2023,8,1,19.65,86.25,26.07
2023,8,2,19.47,88.06,20.91
2023,8,3,18.92,92.19,18.22
2023,8,4,18.98,94,32.61
2023,8,5,18.37,92.81,6.45
2023,8,6,19.41,93.94,13.19
2023,8,7,19.1,93.75,23.81
2023,8,8,18.92,90.5,23.86
2023,8,9,19.04,91.81,29.53
2023,8,10,18.98,92.38,11.92
2023,8,11,18.98,93.06,17.53
2023,8,12,19.78,97.06,46.21
2023,8,13,19.17,93.31,35.1
2023,8,14,18.37,92,1.9
2023,8,15,18.62,92.06,3.55
2023,8,16,19.53,91.69,6.98
2023,8,17,19.59,91.88,17.79
2023,8,18,19.41,91.62,10.05
2023,8,19,19.1,92.06,5.16
2023,8,20,18.25,90.06,12.86
2023,8,21,18.37,94.38,10.57
2023,8,22,18.31,92.19,27.19
2023,8,23,18.8,94.38,21.62
2023,8,24,18.49,94.44,44.19
2023,8,25,17.64,94.56,55.24
2023,8,26,18.07,91.44,11.87
2023,8,27,19.17,96.75,14.26
2023,8,28,18.62,93,17.45
2023,8,29,18.37,91.62,7.92
2023,8,30,18.01,90.62,0.69
2023,8,31,17.52,89.62,0.24
2023,9,1,16.42,85.94,0.44
2023,9,2,18.98,88.19,13.92
2023,9,3,19.17,88.25,24.57
2023,9,4,18.25,86.75,4.99
2023,9,5,18.13,82,5.03
2023,9,6,17.7,81.5,5.26
2023,9,7,18.01,87.06,20.07
2023,9,8,17.94,93.56,82.02
2023,9,9,17.88,91.19,12.65
2023,9,10,18.43,90.19,13.28
2023,9,11,18.49,92.62,37.2
2023,9,12,17.15,87.94,17.75
2023,9,13,18.25,85.19,17.82
2023,9,14,18.86,90.75,24.58
2023,9,15,18.62,91.12,16.5
2023,9,16,18.55,89.44,11.52
2023,9,17,17.88,85.31,7.91
2023,9,18,16.78,83,21.75
2023,9,19,17.15,88,11.98
2023,9,20,16.66,89.38,10.37
2023,9,21,16.85,93.44,46.98
2023,9,22,15.75,94,79.68
2023,9,23,15.5,89.5,28.11
2023,9,24,15.32,88.31,34.93
2023,9,25,16.6,92.69,23.52
2023,9,26,17.03,92.94,13.37
2023,9,27,17.21,90.06,7.5
2023,9,28,17.09,85.81,4.12
2023,9,29,17.09,81.81,7.81
2023,9,30,18.07,92.12,35.75
2023,10,1,17.09,91.31,27.31
2023,10,2,17.03,88.75,24.88
2023,10,3,16.91,90.56,23.01
2023,10,4,16.3,92.06,36.99
2023,10,5,16.05,90.62,4.19
2023,10,6,16.05,86.62,8.09
2023,10,7,15.44,86.69,10.39
2023,10,8,15.99,90.44,36.71
2023,10,9,16.24,92.06,21.54
2023,10,10,16.54,94.94,65.2
2023,10,11,15.44,88.5,13.62
2023,10,12,15.14,87.25,11.18
2023,10,13,14.89,91.75,25.04
2023,10,14,14.04,89.56,15.18
2023,10,15,14.22,90.94,17.27
2023,10,16,14.04,90,13.59
2023,10,17,13.12,84,3.49
2023,10,18,12.08,79.12,2.43
2023,10,19,12.15,80.88,2.38
2023,10,20,12.02,80.94,1.88
2023,10,21,11.29,76.75,0.17
2023,10,22,9.83,66.31,0
2023,10,23,9.52,63.75,0
2023,10,24,10.5,67.12,0.09
2023,10,25,11.6,73.75,1.14
2023,10,26,11.78,78.44,1.02
2023,10,27,11.84,82,7.53
2023,10,28,12.21,86.38,9.23
2023,10,29,12.02,80.38,3.11
2023,10,30,12.08,79.56,3.96
2023,10,31,11.72,77.44,0.09
2023,11,1,11.23,71.5,0.64
2023,11,2,11.9,78.5,2.45
2023,11,3,12.02,81.94,1.53
2023,11,4,11.23,80.75,2.1
2023,11,5,10.8,78.5,1.99
2023,11,6,11.11,80.75,3.15
2023,11,7,10.8,78.56,1.87
2023,11,8,10.62,80.88,3.94
2023,11,9,10.01,79.81,1.1
2023,11,10,10.31,78.94,1.03
2023,11,11,10.07,75.25,0.94
2023,11,12,10.25,77.5,1.6
2023,11,13,10.38,72.62,0.19
2023,11,14,10.44,72.19,0.19
2023,11,15,10.25,74.62,0.4
2023,11,16,9.83,69.06,0.03
2023,11,17,9.64,70.81,0.01
2023,11,18,9.83,73.12,1.05
2023,11,19,10.74,77.94,0.49
2023,11,20,11.35,82.19,3.43
2023,11,21,10.68,83.12,0.91
2023,11,22,10.07,79.56,3.36
2023,11,23,9.58,72.31,0.13
2023,11,24,10.07,76.38,1.58
2023,11,25,10.5,80.75,2.68
2023,11,26,9.77,71,0
2023,11,27,9.34,66.81,0
2023,11,28,9.95,72.25,0.26
2023,11,29,10.25,77,0.76
2023,11,30,9.58,75.12,0.14
2023,12,1,9.16,70.44,0.1
2023,12,2,8.73,68.38,0.05
2023,12,3,8.06,64.38,0.01
2023,12,4,7.81,63.12,0
2023,12,5,8.42,69.12,0.11
2023,12,6,-999,-999,-999
2023,12,7,-999,-999,-999
2023,12,8,-999,-999,-999
2023,12,9,-999,-999,-999
2023,12,10,7.57,74.94,0.48
2023,12,11,7.45,73.19,0.11
2023,12,12,7.75,71.94,0.96
2023,12,13,7.32,75.5,2.88
2023,12,14,6.77,73.31,0.24
2023,12,15,7.08,72.06,0.04
2023,12,16,7.2,71.19,0.01
2023,12,17,7.57,72.88,0.05
2023,12,18,-999,-999,-999
2023,12,19,-999,-999,-999
2023,12,20,-999,-999,-999
